000001,2013/09/02,2104.09,2108.68,2078.46,2098.45,1210846576.64,149158524.0,0.0
000001,2013/09/03,2100.45,2123.85,2095.46,2123.11,1124212326.4,138893175.0,1.18
000001,2013/09/04,2121.68,2133.0,2115.75,2127.62,1164574228.48,142000386.0,0.21
000001,2013/09/05,2125.25,2127.86,2115.24,2122.43,1057764966.4,126544104.0,-0.24
000001,2013/09/06,2119.33,2143.24,2119.02,2139.99,1191523368.96,143260660.0,0.83
000001,2013/09/09,2151.35,2218.53,2151.35,2212.52,1788817408.0,219427086.0,3.39
000001,2013/09/10,2214.81,2238.55,2202.82,2237.98,1910838722.56,237206649.0,1.15
000001,2013/09/11,2244.96,2258.07,2233.0,2241.27,1954276311.04,244349455.0,0.15
000001,2013/09/12,2236.17,2270.27,2226.29,2255.61,1673005793.28,209715110.0,0.64
000001,2013/09/13,2251.46,2259.42,2228.48,2236.22,1406001315.84,171984229.0,-0.86
000001,2013/09/16,2244.46,2248.47,2226.17,2231.4,1335806361.6,154884020.0,-0.22
000001,2013/09/17,2230.39,2230.93,2184.92,2185.56,1324604293.12,154542555.0,-2.05
000001,2013/09/18,2185.94,2195.9,2172.04,2191.85,1013330903.04,115111887.0,0.29
000001,2013/09/23,2199.36,2223.07,2198.34,2221.04,1214682562.56,133174858.0,1.33
000001,2013/09/24,2219.47,2219.54,2187.24,2207.53,1433309511.68,160415055.0,-0.61
000001,2013/09/25,2206.23,2217.97,2193.72,2198.51,1437799874.56,160212762.0,-0.41
000001,2013/09/26,2192.23,2192.23,2154.72,2155.81,1256803614.72,140415346.0,-1.94
000001,2013/09/27,2150.96,2165.78,2149.59,2160.03,978116771.84,105401788.0,0.2
000001,2013/09/30,2167.73,2176.3,2165.16,2174.67,889827573.76,92810081.0,0.68
000001,2013/10/08,2171.9,2200.02,2161.49,2198.2,1149920215.04,126710203.0,1.08
000001,2013/10/09,2191.39,2212.35,2185.18,2211.77,1179661352.96,130871737.0,0.62
000001,2013/10/10,2214.41,2214.59,2186.48,2190.93,1365751480.32,149775896.0,-0.94
000001,2013/10/11,2201.41,2228.87,2200.53,2228.15,1422719385.6,156892176.0,1.7
000001,2013/10/14,2232.22,2242.98,2226.4,2237.77,1516269404.16,165983386.0,0.43
000001,2013/10/15,2237.93,2240.25,2221.14,2233.41,1385416294.4,153722825.0,-0.19
000001,2013/10/16,2228.11,2228.11,2183.4,2193.07,1381655019.52,154638637.0,-1.81
000001,2013/10/17,2201.71,2211.03,2183.25,2188.54,1131388518.4,126767944.0,-0.21
000001,2013/10/18,2188.71,2203.29,2184.36,2193.78,908141772.8,103724631.0,0.24
000001,2013/10/21,2198.11,2230.28,2190.39,2229.24,1239363420.16,136694408.0,1.62
000001,2013/10/22,2227.34,2227.34,2204.24,2210.65,1349948702.72,149132831.0,-0.83
000001,2013/10/23,2213.27,2226.85,2177.73,2183.11,1257898557.44,146347090.0,-1.25
000001,2013/10/24,2178.82,2183.41,2159.87,2164.32,900018667.52,103008953.0,-0.86
000001,2013/10/25,2163.69,2170.61,2122.68,2132.96,996716953.6,113924520.0,-1.45
000001,2013/10/28,2135.88,2140.96,2123.07,2133.87,778893312.0,88401322.0,0.04
000001,2013/10/29,2135.23,2163.66,2093.2,2128.86,1173477539.84,143092811.0,-0.23
000001,2013/10/30,2126.69,2161.94,2121.84,2160.46,952337530.88,119643362.0,1.48
000001,2013/10/31,2155.51,2155.51,2137.47,2141.61,886388326.4,108063020.0,-0.87
000001,2013/11/01,2139.88,2157.31,2132.63,2149.56,762718617.6,89118477.0,0.37
000001,2013/11/04,2156.09,2160.58,2143.21,2149.63,663059988.48,76147941.0,0.0
000001,2013/11/05,2139.84,2158.15,2124.85,2157.24,779633213.44,91900031.0,0.35
000001,2013/11/06,2149.39,2166.17,2138.78,2139.61,865471283.2,100487344.0,-0.82
000001,2013/11/07,2136.63,2141.6,2119.19,2129.4,701774725.12,81842610.0,-0.48
000001,2013/11/08,2120.92,2128.58,2103.51,2106.13,703252152.32,83096859.0,-1.09
000001,2013/11/11,2103.3,2117.28,2093.63,2109.47,599340605.44,69678299.0,0.16
000001,2013/11/12,2110.72,2127.94,2108.4,2126.77,679512678.4,79446731.0,0.82
000001,2013/11/13,2117.89,2117.91,2086.01,2087.94,733760634.88,88257094.0,-1.83
000001,2013/11/14,2087.12,2102.38,2078.99,2100.51,720898867.2,83799373.0,0.6
000001,2013/11/15,2100.9,2153.21,2100.79,2135.83,1133644595.2,125894520.0,1.68
000001,2013/11/18,2147.37,2198.32,2143.77,2197.22,1432462295.04,157502714.0,2.87
000001,2013/11/19,2198.32,2203.3,2186.11,2193.13,1159418839.04,125082307.0,-0.19
000001,2013/11/20,2201.47,2207.11,2186.64,2206.61,1048204165.12,118961861.0,0.61
000001,2013/11/21,2197.01,2206.53,2177.74,2205.77,1200050012.16,137245516.0,-0.04
000001,2013/11/22,2206.47,2211.07,2188.77,2196.38,1024502005.76,113866457.0,-0.43
000001,2013/11/25,2186.06,2209.15,2181.42,2186.12,967473152.0,108282655.0,-0.47
000001,2013/11/26,2184.33,2192.58,2176.18,2183.07,845366394.88,100460830.0,-0.14
000001,2013/11/27,2181.73,2207.62,2176.85,2201.07,1021634887.68,115384411.0,0.82
000001,2013/11/28,2204.38,2234.39,2202.62,2219.37,1196454379.52,134456777.0,0.83
000001,2013/11/29,2221.62,2224.94,2212.26,2220.5,978340249.6,106959053.0,0.05
000001,2013/12/02,2203.12,2231.92,2172.63,2207.37,1519361556.48,174281990.0,-0.59
000001,2013/12/03,2196.82,2227.93,2193.25,2222.67,1007766568.96,113506410.0,0.69
000001,2013/12/04,2219.97,2260.87,2215.92,2251.76,1354979409.92,157292943.0,1.31
000001,2013/12/05,2252.72,2255.26,2239.14,2247.06,1058373058.56,122048414.0,-0.21
000001,2013/12/06,2242.56,2248.15,2228.63,2237.11,922547568.64,103700929.0,-0.44
000001,2013/12/09,2241.79,2249.17,2231.73,2238.2,844324782.08,93273639.0,0.05
000001,2013/12/10,2239.86,2250.5,2231.68,2237.49,955562967.04,109043133.0,-0.03
000001,2013/12/11,2228.63,2228.63,2193.16,2204.17,943892971.52,109473150.0,-1.49
000001,2013/12/12,2199.32,2214.55,2194.9,2202.8,760033280.0,86108671.0,-0.06
000001,2013/12/13,2188.26,2204.64,2183.84,2196.07,726375055.36,85101012.0,-0.31
000001,2013/12/16,2197.23,2201.7,2159.99,2160.86,864229539.84,101387594.0,-1.6
000001,2013/12/17,2161.54,2165.54,2146.31,2151.08,669215989.76,78578936.0,-0.45
000001,2013/12/18,2150.41,2156.59,2142.62,2148.28,554205962.24,64173584.0,-0.13
000001,2013/12/19,2153.67,2159.14,2126.25,2127.79,614969425.92,73123479.0,-0.95
000001,2013/12/20,2128.37,2131.74,2082.86,2084.79,721982013.44,86775212.0,-2.02
000001,2013/12/23,2089.54,2099.52,2068.54,2089.71,584356249.6,68146636.0,0.24
000001,2013/12/24,2094.07,2111.8,2079.81,2092.91,616970690.56,70251467.0,0.15
000001,2013/12/25,2095.02,2107.23,2088.3,2106.35,581368463.36,65139096.0,0.64
000001,2013/12/26,2102.66,2102.66,2070.55,2073.1,667671224.32,78541408.0,-1.58
000001,2013/12/27,2074.59,2110.36,2069.59,2101.25,663944437.76,76756827.0,1.36
000001,2013/12/30,2108.88,2112.01,2095.06,2097.53,630389432.32,74085056.0,-0.18
000001,2013/12/31,2090.68,2120.27,2087.42,2115.98,714562846.72,80474375.0,0.88
000001,2014/01/02,2112.13,2113.11,2101.02,2109.39,619213537.28,68485486.0,-0.31
000001,2014/01/03,2101.54,2102.17,2075.9,2083.14,723722321.92,84497241.0,-1.24
000001,2014/01/06,2078.68,2078.68,2034.01,2045.71,728953978.88,89587608.0,-1.8
000001,2014/01/07,2034.22,2052.28,2029.25,2047.32,546386411.52,63402938.0,0.08
000001,2014/01/08,2047.26,2062.95,2037.11,2044.34,629414297.6,71647364.0,-0.15
000001,2014/01/09,2041.77,2057.2,2026.45,2027.62,676056637.44,75941883.0,-0.82
000001,2014/01/10,2023.54,2029.3,2008.01,2013.3,610445516.8,75616121.0,-0.71
000001,2014/01/13,2014.98,2027.18,2000.4,2009.56,556167495.68,66544776.0,-0.19
000001,2014/01/14,2007.16,2027.43,2001.14,2026.84,566876241.92,70366614.0,0.86
000001,2014/01/15,2024.23,2027.41,2010.2,2023.35,577403576.32,67436222.0,-0.17
000001,2014/01/16,2022.54,2034.71,2014.41,2023.7,628297605.12,72755719.0,0.02
000001,2014/01/17,2017.52,2017.87,2001.33,2004.95,570395648.0,67305720.0,-0.93
000001,2014/01/20,2001.89,2005.94,1984.82,1991.25,482987827.2,56271247.0,-0.68
000001,2014/01/21,1992.02,2014.15,1992.02,2008.31,520179179.52,59844911.0,0.86
000001,2014/01/22,2009.97,2052.34,2008.93,2051.75,841266626.56,98892856.0,2.16
000001,2014/01/23,2048.33,2052.53,2039.05,2042.18,760833228.8,84210585.0,-0.47
000001,2014/01/24,2037.67,2060.99,2034.45,2054.39,823461806.08,92947921.0,0.6
000001,2014/01/27,2044.27,2044.85,2029.63,2033.3,819142164.48,88815426.0,-1.03
000001,2014/01/28,2036.4,2047.13,2026.99,2038.51,657516052.48,72529043.0,0.26
000001,2014/01/29,2042.18,2051.58,2039.77,2049.91,676941250.56,73865462.0,0.56
000001,2014/01/30,2045.93,2045.93,2031.47,2033.08,582644981.76,62615184.0,-0.82
000001,2014/02/07,2022.32,2044.73,2014.7,2044.5,678299238.4,73598755.0,0.56
000001,2014/02/10,2049.98,2087.98,2049.98,2086.07,1127229194.24,124331833.0,2.03
000001,2014/02/11,2086.18,2111.06,2082.52,2103.67,1252667719.68,142211324.0,0.84
000001,2014/02/12,2103.83,2110.9,2096.51,2109.96,1108040744.96,126333186.0,0.3
000001,2014/02/13,2106.93,2122.83,2096.97,2098.4,1243770634.24,146532634.0,-0.55
000001,2014/02/14,2097.32,2116.19,2095.09,2115.85,973996687.36,111517950.0,0.83
000001,2014/02/17,2124.88,2136.45,2117.69,2135.42,1262137507.84,140244443.0,0.92
000001,2014/02/18,2134.14,2134.14,2113.13,2119.07,1297869701.12,142869308.0,-0.77
000001,2014/02/19,2116.92,2152.96,2111.17,2142.55,1278184488.96,151261246.0,1.11
000001,2014/02/20,2152.89,2177.98,2136.48,2138.78,1309384376.32,157052276.0,-0.18
000001,2014/02/21,2131.59,2132.7,2098.33,2113.69,995142860.8,117662651.0,-1.17
000001,2014/02/24,2099.72,2099.72,2058.79,2076.69,1072024535.04,123555308.0,-1.75
000001,2014/02/25,2077.28,2087.62,2026.54,2034.22,1278238310.4,140132978.0,-2.05
000001,2014/02/26,2026.61,2041.63,2014.38,2041.25,961177108.48,110112687.0,0.35
000001,2014/02/27,2045.1,2068.31,2036.39,2047.35,1128757493.76,132163852.0,0.3
000001,2014/02/28,2040.62,2058.49,2020.94,2056.3,956840755.2,111637907.0,0.44
000001,2014/03/03,2052.07,2078.33,2047.07,2075.24,1049806028.8,127460891.0,0.92
000001,2014/03/04,2068.11,2074.02,2050.13,2071.47,1011163136.0,115925792.0,-0.18
000001,2014/03/05,2073.29,2074.81,2050.18,2053.08,916233338.88,107733082.0,-0.89
000001,2014/03/06,2050.03,2065.79,2030.95,2059.58,925614489.6,109290133.0,0.32
000001,2014/03/07,2058.38,2079.49,2050.47,2057.91,893321379.84,103709540.0,-0.08
000001,2014/03/10,2042.35,2042.63,1995.55,1999.06,950329917.44,115696666.0,-2.86
000001,2014/03/11,1994.42,2008.07,1985.6,2001.16,768703283.2,92705265.0,0.11
000001,2014/03/12,1996.24,2011.06,1974.38,1997.69,792930713.6,101361719.0,-0.17
000001,2014/03/13,2000.69,2029.12,1996.53,2019.11,779790581.76,100978116.0,1.07
000001,2014/03/14,2008.82,2017.91,1990.98,2004.34,699258880.0,87775111.0,-0.73
000001,2014/03/17,2009.88,2024.37,1999.25,2023.67,720177807.36,86250374.0,0.96
000001,2014/03/18,2026.22,2034.92,2020.41,2025.2,835804528.64,96777193.0,0.08
000001,2014/03/19,2019.98,2022.18,2002.44,2021.73,794732380.16,95180797.0,-0.17
000001,2014/03/20,2017.22,2030.85,1993.0,1993.48,886309765.12,110333048.0,-1.4
000001,2014/03/21,1987.68,2052.47,1986.07,2047.62,1094380666.88,144477656.0,2.72
000001,2014/03/24,2050.83,2074.06,2043.33,2066.28,1102444953.6,147700085.0,0.91
000001,2014/03/25,2063.32,2079.55,2057.49,2067.31,1001736601.6,131822232.0,0.05
000001,2014/03/26,2070.57,2074.57,2057.65,2063.67,804634460.16,102611116.0,-0.18
000001,2014/03/27,2060.81,2073.98,2042.71,2046.59,949964636.16,119149374.0,-0.83
000001,2014/03/28,2046.85,2060.13,2035.24,2041.71,942219591.68,121681965.0,-0.24
000001,2014/03/31,2043.05,2048.13,2024.19,2033.31,715736924.16,94356536.0,-0.41
000001,2014/04/01,2031.01,2050.68,2028.1,2047.46,645126389.76,83286576.0,0.7
000001,2014/04/02,2049.42,2060.78,2046.74,2058.99,779406376.96,102658525.0,0.56
000001,2014/04/03,2063.5,2066.01,2037.45,2043.7,794808975.36,108618421.0,-0.74
000001,2014/04/04,2037.55,2060.1,2035.22,2058.83,663686471.68,83189056.0,0.74
000001,2014/04/08,2054.53,2102.45,2052.9,2098.28,1079663575.04,133370983.0,1.92
000001,2014/04/09,2100.65,2108.75,2095.64,2105.24,873667788.8,105340471.0,0.33
000001,2014/04/10,2105.88,2146.67,2098.08,2134.3,1298423480.32,156789609.0,1.38
000001,2014/04/11,2130.37,2138.65,2120.18,2130.54,1116368076.8,131768359.0,-0.18
000001,2014/04/14,2127.41,2134.43,2116.61,2131.54,865917173.76,102077853.0,0.05
000001,2014/04/15,2125.9,2125.9,2098.15,2101.6,911353610.24,107531151.0,-1.4
000001,2014/04/16,2097.21,2112.05,2092.16,2105.12,750994800.64,89361657.0,0.17
000001,2014/04/17,2108.95,2110.72,2095.71,2098.89,742570311.68,89896325.0,-0.3
000001,2014/04/18,2091.48,2099.64,2081.19,2097.75,725559787.52,88155695.0,-0.05
000001,2014/04/21,2085.98,2103.08,2065.23,2065.83,816545546.24,96378369.0,-1.52
000001,2014/04/22,2062.79,2073.66,2047.33,2072.83,824681021.44,98719882.0,0.34
000001,2014/04/23,2068.08,2076.35,2059.11,2067.38,661561712.64,78531521.0,-0.26
000001,2014/04/24,2064.16,2075.76,2056.19,2057.03,644075315.2,78185955.0,-0.5
000001,2014/04/25,2060.54,2065.64,2035.57,2036.52,741558763.52,93042333.0,-1.0
000001,2014/04/28,2033.34,2035.99,2000.14,2003.49,685414932.48,89795262.0,-1.62
000001,2014/04/29,2001.9,2021.68,1997.64,2020.34,567764828.16,76221275.0,0.84
000001,2014/04/30,2020.44,2029.54,2016.58,2026.36,576773570.56,74528578.0,0.3
000001,2014/05/05,2022.18,2028.96,2007.35,2027.35,600934891.52,79933395.0,0.05
000001,2014/05/06,2024.26,2038.7,2021.49,2028.04,575481118.72,74609411.0,0.03
000001,2014/05/07,2023.15,2024.63,2008.45,2010.08,575580528.64,74360192.0,-0.89
000001,2014/05/08,2006.85,2036.94,2005.69,2015.27,595293675.52,77865393.0,0.26
000001,2014/05/09,2016.5,2020.45,2001.3,2011.14,575053824.0,76224244.0,-0.2
000001,2014/05/12,2022.93,2055.51,2016.64,2052.87,880970055.68,115742077.0,2.07
000001,2014/05/13,2055.08,2061.06,2043.55,2050.73,737417216.0,97223388.0,-0.1
000001,2014/05/14,2049.27,2056.57,2042.74,2047.91,564552908.8,72011125.0,-0.14
000001,2014/05/15,2044.38,2047.32,2022.86,2024.97,597734440.96,75845154.0,-1.12
000001,2014/05/16,2023.6,2027.76,2012.69,2026.5,516258856.96,66353660.0,0.08
000001,2014/05/19,2023.01,2023.27,1996.02,2005.18,529752473.6,65329438.0,-1.05
000001,2014/05/20,2011.85,2018.16,2002.76,2008.12,495490170.88,61345382.0,0.15
000001,2014/05/21,2001.31,2025.19,1991.06,2024.95,484150927.36,61811547.0,0.84
000001,2014/05/22,2023.15,2041.96,2018.88,2021.29,595016622.08,74728474.0,-0.18
000001,2014/05/23,2020.12,2034.57,2017.74,2034.57,514649415.68,63488065.0,0.66
000001,2014/05/26,2042.03,2045.38,2035.09,2041.48,598404341.76,70281220.0,0.34
000001,2014/05/27,2039.79,2044.15,2032.84,2034.56,559205171.2,67577889.0,-0.34
000001,2014/05/28,2034.56,2052.66,2029.34,2050.23,686022246.4,81338642.0,0.77
000001,2014/05/29,2051.84,2057.08,2039.24,2040.6,694725099.52,81242921.0,-0.47
000001,2014/05/30,2040.39,2046.96,2031.37,2039.21,623536414.72,75148898.0,-0.07
000001,2014/06/03,2039.2,2049.58,2037.3,2038.31,592964362.24,71584124.0,-0.04
000001,2014/06/04,2037.99,2038.48,2012.91,2024.83,574675476.48,72412771.0,-0.66
000001,2014/06/05,2019.44,2041.7,2016.18,2040.88,563761438.72,67949536.0,0.79
000001,2014/06/06,2040.86,2041.57,2022.16,2029.96,551242424.32,66021744.0,-0.54
000001,2014/06/09,2024.94,2045.26,2023.2,2030.5,551398440.96,64788317.0,0.03
000001,2014/06/10,2033.21,2052.76,2026.39,2052.53,654061035.52,79623717.0,1.08
000001,2014/06/11,2049.13,2056.63,2045.41,2054.95,631773921.28,74444354.0,0.12
000001,2014/06/12,2051.58,2057.11,2045.96,2051.71,693064253.44,81711186.0,-0.16
000001,2014/06/13,2049.21,2073.6,2048.62,2070.72,825469747.2,97174806.0,0.93
000001,2014/06/16,2070.7,2087.32,2069.44,2085.98,799530762.24,95939770.0,0.74
000001,2014/06/17,2080.48,2080.48,2064.67,2066.7,709232640.0,87800481.0,-0.92
000001,2014/06/18,2064.38,2066.91,2051.75,2055.52,704729333.76,87245350.0,-0.54
000001,2014/06/19,2054.62,2059.25,2017.65,2023.74,746289479.68,92914274.0,-1.55
000001,2014/06/20,2013.41,2027.15,2010.53,2026.67,532242677.76,67167246.0,0.14
000001,2014/06/23,2026.23,2033.32,2022.92,2024.37,577727283.2,70485162.0,-0.11
000001,2014/06/24,2023.7,2034.71,2021.75,2033.93,616849121.28,71214634.0,0.47
000001,2014/06/25,2030.43,2030.62,2018.36,2025.5,559891374.08,67539610.0,-0.41
000001,2014/06/26,2025.66,2040.75,2025.31,2038.68,665342730.24,80955778.0,0.65
000001,2014/06/27,2031.91,2043.98,2025.07,2036.51,767105843.2,97592017.0,-0.11
000001,2014/06/30,2038.61,2052.34,2038.53,2048.33,800111656.96,96666598.0,0.58
000001,2014/07/01,2051.23,2052.64,2041.94,2050.38,834997616.64,98457409.0,0.1
000001,2014/07/02,2049.49,2060.6,2044.04,2059.42,893049815.04,109553911.0,0.44
000001,2014/07/03,2051.63,2066.64,2048.08,2063.23,961824686.08,122926582.0,0.19
000001,2014/07/04,2062.36,2065.08,2054.22,2059.38,835964354.56,105008792.0,-0.19
000001,2014/07/07,2058.13,2064.04,2050.89,2059.93,814713159.68,97168754.0,0.03
000001,2014/07/08,2058.13,2064.43,2047.2,2064.02,815844474.88,95053393.0,0.2
000001,2014/07/09,2061.64,2062.47,2037.6,2038.61,971834900.48,113305841.0,-1.23
000001,2014/07/10,2036.54,2045.53,2034.96,2038.34,847486320.64,97943819.0,-0.01
000001,2014/07/11,2033.87,2051.74,2033.0,2046.96,862537154.56,105088083.0,0.42
000001,2014/07/14,2047.74,2067.34,2044.9,2066.65,963570155.52,115119740.0,0.96
000001,2014/07/15,2065.9,2070.36,2059.68,2070.36,1028939120.64,124488768.0,0.18
000001,2014/07/16,2068.34,2075.49,2061.57,2067.28,1020298035.2,137128020.0,-0.15
000001,2014/07/17,2062.89,2062.89,2046.19,2055.59,791062773.76,104491812.0,-0.57
000001,2014/07/18,2047.5,2067.23,2046.0,2059.07,825102663.68,106641094.0,0.17
000001,2014/07/21,2057.77,2061.82,2049.18,2054.48,757061795.84,93857870.0,-0.22
000001,2014/07/22,2050.5,2078.08,2049.81,2075.48,987024343.04,123191868.0,1.02
000001,2014/07/23,2074.2,2088.19,2072.23,2078.49,1067021271.04,137292211.0,0.15
000001,2014/07/24,2079.63,2107.95,2079.63,2105.06,1286779863.04,165676996.0,1.28
000001,2014/07/25,2108.71,2127.22,2106.71,2126.61,1114115768.32,142495826.0,1.02
000001,2014/07/28,2135.25,2181.5,2135.25,2177.95,1804144312.32,236185752.0,2.41
000001,2014/07/29,2179.83,2193.52,2172.1,2183.19,1592824954.88,200264257.0,0.24
000001,2014/07/30,2178.18,2194.57,2177.24,2181.24,1495665541.12,184922187.0,-0.09
000001,2014/07/31,2179.54,2202.13,2173.9,2201.56,1324384501.76,164691654.0,0.93
000001,2014/08/01,2194.17,2218.79,2184.64,2185.3,1518840217.6,191475042.0,-0.74
000001,2014/08/04,2190.04,2224.07,2186.92,2223.33,1400888197.12,174097403.0,1.74
000001,2014/08/05,2224.63,2226.84,2206.85,2219.95,1414745292.8,175386987.0,-0.15
000001,2014/08/06,2212.0,2223.89,2192.99,2217.47,1403628584.96,177711707.0,-0.11
000001,2014/08/07,2216.66,2220.57,2185.76,2187.67,1373064724.48,175233274.0,-1.34
000001,2014/08/08,2188.71,2199.58,2180.6,2194.43,1097289891.84,135181443.0,0.31
000001,2014/08/11,2199.43,2225.96,2198.31,2224.65,1260968427.52,150583421.0,1.38
000001,2014/08/12,2222.7,2222.98,2210.0,2221.6,1323939758.08,154799046.0,-0.14
000001,2014/08/13,2223.05,2230.99,2202.44,2222.88,1464907857.92,178062806.0,0.06
000001,2014/08/14,2221.54,2230.89,2204.38,2206.47,1417066577.92,170149123.0,-0.74
000001,2014/08/15,2207.23,2230.87,2203.24,2226.73,1294069104.64,149978691.0,0.92
000001,2014/08/18,2229.8,2242.03,2228.13,2239.47,1414928465.92,163928626.0,0.57
000001,2014/08/19,2242.34,2246.02,2227.93,2245.33,1554454773.76,177744592.0,0.26
000001,2014/08/20,2241.66,2248.94,2233.89,2240.21,1396280524.8,167658383.0,-0.23
000001,2014/08/21,2239.57,2240.08,2211.63,2230.46,1408796262.4,165733498.0,-0.44
000001,2014/08/22,2228.97,2243.3,2225.27,2240.81,1403530280.96,160111672.0,0.46
000001,2014/08/25,2241.1,2241.55,2222.01,2229.27,1344502333.44,162119578.0,-0.51
000001,2014/08/26,2225.29,2232.78,2200.62,2207.11,1341230694.4,163507424.0,-0.99
000001,2014/08/27,2207.03,2216.67,2204.05,2209.47,1040904110.08,120885885.0,0.11
000001,2014/08/28,2210.48,2219.47,2194.86,2195.82,1092666245.12,124229014.0,-0.62
000001,2014/08/29,2198.95,2218.7,2193.26,2217.2,930438758.4,105202496.0,0.97
000001,2014/09/01,2220.13,2236.29,2217.69,2235.51,1172159037.44,129166583.0,0.83
000001,2014/09/02,2239.68,2267.51,2234.38,2266.05,1709317816.32,192124869.0,1.37
000001,2014/09/03,2268.4,2290.55,2268.1,2288.63,1875583795.2,212478998.0,1.0
000001,2014/09/04,2290.03,2307.7,2283.28,2306.86,1793858928.64,199489978.0,0.8
000001,2014/09/05,2311.3,2327.56,2307.45,2326.43,1858398289.92,213181917.0,0.85
000001,2014/09/09,2328.43,2331.92,2315.89,2326.53,1729084948.48,196990318.0,0.0
000001,2014/09/10,2318.5,2321.91,2306.42,2318.3,1634545172.48,189828991.0,-0.35
000001,2014/09/11,2315.73,2343.6,2304.6,2311.68,1972326563.84,222221798.0,-0.29
000001,2014/09/12,2308.35,2331.95,2302.77,2331.95,1621029027.84,193471540.0,0.88
000001,2014/09/15,2330.19,2340.45,2321.59,2339.14,1853936271.36,215112414.0,0.31
000001,2014/09/16,2341.03,2347.94,2293.87,2296.55,2376592424.96,302694111.0,-1.82
000001,2014/09/17,2298.98,2309.05,2282.79,2307.89,1591217848.32,210842453.0,0.49
000001,2014/09/18,2303.85,2319.88,2297.93,2315.93,1445185290.24,189089045.0,0.35
000001,2014/09/19,2312.98,2331.56,2305.52,2329.45,1443454484.48,174648487.0,0.58
000001,2014/09/22,2323.55,2323.55,2284.38,2289.87,1478417448.96,175842354.0,-1.7
000001,2014/09/23,2289.09,2311.52,2289.02,2309.72,1353968599.04,156855169.0,0.87
000001,2014/09/24,2302.23,2345.75,2297.88,2343.57,1856906690.56,222525725.0,1.47
000001,2014/09/25,2352.87,2365.15,2336.8,2345.1,1892603822.08,225688323.0,0.07
000001,2014/09/26,2339.29,2350.11,2329.96,2347.72,1482208051.2,174748285.0,0.11
000001,2014/09/29,2353.71,2363.06,2346.58,2357.71,1711308800.0,200111021.0,0.43
000001,2014/09/30,2361.32,2365.49,2354.27,2363.87,1669334302.72,193918690.0,0.26
000001,2014/10/08,2368.58,2382.79,2354.29,2382.79,1803375738.88,204397326.0,0.8
000001,2014/10/09,2383.86,2391.35,2367.11,2389.37,2002717573.12,235920010.0,0.28
000001,2014/10/10,2380.75,2386.28,2365.07,2374.54,1922482339.84,224671126.0,-0.62
000001,2014/10/13,2366.43,2366.86,2341.12,2366.01,1754250772.48,200899314.0,-0.36
000001,2014/10/14,2362.8,2380.51,2349.19,2359.48,1701600788.48,196831418.0,-0.28
000001,2014/10/15,2358.23,2374.81,2344.37,2373.67,1717667430.4,202804915.0,0.6
000001,2014/10/16,2361.13,2389.68,2353.41,2356.5,2038058844.16,248201168.0,-0.72
000001,2014/10/17,2352.78,2360.6,2312.83,2341.18,1794331607.04,212300962.0,-0.65
000001,2014/10/20,2346.05,2357.51,2340.46,2356.73,1418202644.48,160022305.0,0.66
000001,2014/10/21,2355.03,2361.65,2337.55,2339.66,1467863203.84,168828288.0,-0.72
000001,2014/10/22,2339.22,2352.12,2324.59,2326.55,1385245409.28,152698425.0,-0.56
000001,2014/10/23,2322.32,2329.93,2297.33,2302.42,1405965107.2,162636308.0,-1.04
000001,2014/10/24,2303.08,2314.88,2296.66,2302.28,1143306977.28,132225281.0,-0.01
000001,2014/10/27,2293.57,2293.64,2279.84,2290.44,1133799833.6,130261568.0,-0.51
000001,2014/10/28,2294.01,2338.28,2294.01,2337.87,1581479526.4,178590357.0,2.07
000001,2014/10/29,2343.72,2381.64,2339.71,2373.03,2250670735.36,265588687.0,1.5
000001,2014/10/30,2371.89,2397.26,2365.92,2391.08,2266111836.16,294645943.0,0.76
000001,2014/10/31,2393.18,2423.6,2384.48,2420.18,2499154411.52,325763522.0,1.22
000001,2014/11/03,2425.23,2436.78,2418.17,2430.03,2271965839.36,298821235.0,0.41
000001,2014/11/04,2428.27,2435.22,2417.22,2430.68,2265038848.0,309013039.0,0.03
000001,2014/11/05,2432.17,2434.36,2415.5,2419.25,2018594160.64,263606654.0,-0.47
000001,2014/11/06,2419.62,2426.89,2401.75,2425.86,1796443668.48,222005088.0,0.27
000001,2014/11/07,2427.9,2454.42,2407.44,2418.17,2441575628.8,291172245.0,-0.32
000001,2014/11/10,2436.63,2474.16,2428.19,2473.67,2452336803.84,300628203.0,2.3
000001,2014/11/11,2483.65,2508.62,2445.96,2469.67,3312573808.64,411904065.0,-0.16
000001,2014/11/12,2454.6,2494.92,2444.81,2494.48,2157386137.6,252933852.0,1.0
000001,2014/11/13,2495.0,2507.74,2471.41,2485.61,2583119134.72,295037058.0,-0.36
000001,2014/11/14,2477.97,2481.02,2457.04,2478.82,1919249940.48,220607619.0,-0.27
000001,2014/11/17,2506.86,2508.77,2472.45,2474.01,1992649113.6,215687800.0,-0.19
000001,2014/11/18,2474.18,2477.05,2449.81,2456.37,1746594856.96,201062570.0,-0.71
000001,2014/11/19,2452.15,2461.49,2442.71,2450.99,1670693683.2,186235771.0,-0.22
000001,2014/11/20,2443.28,2458.32,2437.48,2452.66,1507999088.64,165495213.0,0.07
000001,2014/11/21,2452.64,2488.2,2446.65,2486.79,1978097991.68,212239774.0,1.39
000001,2014/11/24,2505.53,2546.75,2495.52,2532.88,3302914129.92,363485835.0,1.85
000001,2014/11/25,2532.0,2568.38,2527.08,2567.6,2821687869.44,314315572.0,1.37
000001,2014/11/26,2572.65,2605.07,2570.4,2604.35,3165212508.16,337127249.0,1.43
000001,2014/11/27,2615.37,2631.4,2599.11,2630.49,3389608427.52,364075719.0,1.0
000001,2014/11/28,2629.63,2683.18,2622.06,2682.83,4019511623.68,465880035.0,1.99
000001,2014/12/01,2691.73,2720.74,2668.84,2680.16,4011201986.56,446791741.0,-0.1
000001,2014/12/02,2667.82,2777.37,2665.69,2763.54,3972389273.6,437733381.0,3.11
000001,2014/12/03,2768.68,2824.18,2733.87,2779.52,5297774592.0,562120281.0,0.58
000001,2014/12/04,2783.47,2900.51,2772.43,2899.46,5092185866.24,532687718.0,4.32
000001,2014/12/05,2926.57,2978.03,2813.05,2937.65,6391910236.16,640500296.0,1.32
000001,2014/12/08,2907.81,3041.66,2879.85,3020.26,5934780252.16,587570890.0,2.81
000001,2014/12/09,2992.49,3091.32,2834.59,2856.27,7933612523.52,771998379.0,-5.43
000001,2014/12/10,2855.94,2946.71,2807.68,2940.01,5349899632.64,512886913.0,2.93
000001,2014/12/11,2912.35,2965.68,2892.61,2925.74,4798014423.04,482632733.0,-0.49
000001,2014/12/12,2929.36,2962.51,2914.96,2938.17,4204102615.04,409480811.0,0.42
000001,2014/12/15,2921.45,2960.23,2890.9,2953.42,4114871418.88,400371695.0,0.52
000001,2014/12/16,2953.81,3021.9,2943.91,3021.52,4927161958.4,453842723.0,2.31
000001,2014/12/17,3031.95,3076.6,2993.33,3061.02,5803385815.04,542503179.0,1.31
000001,2014/12/18,3062.8,3089.79,3030.32,3057.52,4665245368.32,435904952.0,-0.11
000001,2014/12/19,3053.07,3117.53,3018.42,3108.6,5155802972.16,521073511.0,1.67
000001,2014/12/22,3129.27,3189.87,3090.51,3127.45,6244814684.16,679371915.0,0.61
000001,2014/12/23,3085.08,3136.84,3025.67,3032.61,4194676899.84,437762400.0,-3.03
000001,2014/12/24,3039.21,3050.51,2934.91,2972.53,3787267440.64,376805246.0,-1.98
000001,2014/12/25,2992.46,3073.35,2969.87,3072.54,3790176911.36,376947776.0,3.36
000001,2014/12/26,3078.0,3164.16,3064.18,3157.6,4889151078.4,460700932.0,2.77
000001,2014/12/29,3212.56,3223.86,3126.94,3168.02,5559043358.72,510111439.0,0.33
000001,2014/12/30,3160.8,3190.3,3130.35,3165.81,4372632698.88,397725320.0,-0.07
000001,2014/12/31,3172.6,3239.36,3157.26,3234.68,4323198566.4,405998521.0,2.18
000001,2015/01/05,3258.63,3369.28,3253.88,3350.52,5497600737.28,531352391.0,3.58
000001,2015/01/06,3330.8,3394.22,3303.18,3351.45,5323984732.16,501661695.0,0.03
000001,2015/01/07,3326.65,3374.9,3312.21,3373.95,4364167086.08,391918880.0,0.67
000001,2015/01/08,3371.96,3381.57,3285.1,3293.46,3992303042.56,371131170.0,-2.39
000001,2015/01/09,3276.97,3404.83,3267.51,3285.41,4586480271.36,410240872.0,-0.24
000001,2015/01/12,3258.21,3275.19,3191.58,3229.32,3662730690.56,322064679.0,-1.71
000001,2015/01/13,3223.54,3259.39,3214.41,3235.3,2735887810.56,230725754.0,0.19
000001,2015/01/14,3242.34,3268.48,3193.98,3222.44,2672045260.8,240190747.0,-0.4
000001,2015/01/15,3224.07,3337.08,3207.54,3336.46,3306105405.44,282546240.0,3.54
000001,2015/01/16,3343.6,3400.32,3340.49,3376.5,3922538987.52,339876753.0,1.2
000001,2015/01/19,3189.73,3262.21,3095.07,3116.35,4098859991.04,401098789.0,-7.7
000001,2015/01/20,3114.56,3190.25,3100.48,3173.05,4162952232.96,357080811.0,1.82
000001,2015/01/21,3189.08,3337.0,3178.34,3323.61,4737586626.56,410956024.0,4.74
000001,2015/01/22,3327.32,3352.38,3293.98,3343.34,4078740766.72,353382961.0,0.59
000001,2015/01/23,3357.1,3406.79,3328.29,3351.76,4209795399.68,366249240.0,0.25
000001,2015/01/26,3347.26,3384.8,3321.31,3383.18,3584274595.84,317541007.0,0.94
000001,2015/01/27,3389.85,3390.22,3290.22,3352.96,4182988554.24,374517551.0,-0.89
000001,2015/01/28,3325.72,3354.8,3294.66,3305.74,3415642931.2,301927095.0,-1.41
000001,2015/01/29,3259.0,3286.79,3234.24,3262.3,2964245053.44,274658613.0,-1.31
000001,2015/01/30,3273.75,3288.5,3210.31,3210.36,2842656440.32,258312548.0,-1.59
000001,2015/02/02,3148.14,3175.13,3122.57,3128.3,2668499599.36,250861629.0,-2.56
000001,2015/02/03,3156.09,3207.94,3129.73,3204.91,2833559388.16,248192164.0,2.45
000001,2015/02/04,3212.82,3238.98,3171.14,3174.13,2901551677.44,249098086.0,-0.96
000001,2015/02/05,3251.21,3251.21,3135.82,3136.53,3482669547.52,306139305.0,-1.18
000001,2015/02/06,3120.09,3129.54,3052.94,3075.91,2665027829.76,246749666.0,-1.93
000001,2015/02/09,3063.51,3119.03,3049.11,3095.12,2407196753.92,206108383.0,0.62
000001,2015/02/10,3090.49,3142.1,3084.25,3141.59,2250849157.12,193817139.0,1.5
000001,2015/02/11,3145.76,3166.42,3139.05,3157.7,2108625551.36,172840094.0,0.51
000001,2015/02/12,3157.96,3181.77,3134.24,3173.42,2296915722.24,194592309.0,0.5
000001,2015/02/13,3186.81,3237.16,3182.79,3203.83,2930176819.2,261290436.0,0.96
000001,2015/02/16,3206.14,3228.85,3195.88,3222.36,2659506913.28,223797429.0,0.58
000001,2015/02/17,3230.88,3255.73,3230.77,3246.91,2633400483.84,228332624.0,0.76
000001,2015/02/25,3256.48,3257.22,3215.55,3228.84,2651433533.44,233348094.0,-0.56
000001,2015/02/26,3222.15,3300.62,3202.19,3298.36,3343474688.0,301263875.0,2.15
000001,2015/02/27,3296.83,3324.55,3291.01,3310.3,3350195732.48,299163717.0,0.36
000001,2015/03/02,3332.72,3336.76,3298.67,3336.28,4102595543.04,346445671.0,0.78
000001,2015/03/03,3317.7,3317.7,3260.43,3263.05,4415934955.52,382044619.0,-2.19
000001,2015/03/04,3264.18,3286.59,3250.48,3279.53,3467897733.12,293639522.0,0.51
000001,2015/03/05,3264.08,3266.64,3221.67,3248.48,3735800053.76,320663585.0,-0.95
000001,2015/03/06,3248.04,3266.93,3234.53,3241.19,3283441418.24,282915791.0,-0.22
000001,2015/03/09,3224.31,3307.7,3198.37,3302.41,3599275130.88,321495440.0,1.89
000001,2015/03/10,3289.08,3309.92,3277.1,3286.07,3299559669.76,285817576.0,-0.49
000001,2015/03/11,3289.59,3325.05,3278.47,3290.9,3275730780.16,282985535.0,0.15
000001,2015/03/12,3314.81,3360.05,3300.49,3349.32,4071924039.68,357295105.0,1.78
000001,2015/03/13,3359.49,3391.25,3352.15,3372.91,3740414115.84,328410154.0,0.7
000001,2015/03/16,3391.16,3449.3,3377.09,3449.3,4793553059.84,399132430.0,2.26
000001,2015/03/17,3469.6,3504.12,3459.69,3502.85,6015006801.92,520939506.0,1.55
000001,2015/03/18,3510.5,3577.66,3503.85,3577.3,6173670113.28,545217144.0,2.13
000001,2015/03/19,3576.02,3600.68,3546.84,3582.27,6122496983.04,537346614.0,0.14
000001,2015/03/20,3587.08,3632.34,3569.38,3617.32,6517719695.36,516661669.0,0.98
000001,2015/03/23,3640.1,3688.25,3635.49,3687.73,6615746478.08,536062832.0,1.95
000001,2015/03/24,3692.57,3715.87,3600.7,3691.41,7548847390.72,639554669.0,0.1
000001,2015/03/25,3680.95,3693.15,3634.56,3660.73,6454989291.52,521886348.0,-0.83
000001,2015/03/26,3641.94,3707.32,3615.01,3682.1,6195156090.88,488647203.0,0.58
000001,2015/03/27,3686.13,3710.48,3656.83,3691.1,5092984750.08,408945165.0,0.24
000001,2015/03/30,3710.61,3795.94,3710.61,3786.57,6921253683.2,564702353.0,2.59
000001,2015/03/31,3822.99,3835.57,3737.04,3747.9,7212949176.32,561676037.0,-1.02
000001,2015/04/01,3748.34,3817.08,3742.21,3810.29,5924183080.96,447458319.0,1.66
000001,2015/04/02,3827.69,3835.45,3775.89,3825.78,6320289218.56,479299673.0,0.41
000001,2015/04/03,3803.38,3864.41,3792.21,3863.93,6356513587.2,473033311.0,1.0
000001,2015/04/07,3899.42,3961.67,3891.73,3961.38,7464239759.36,570447535.0,2.52
000001,2015/04/08,3976.53,4000.22,3903.65,3994.81,8391593164.8,618085419.0,0.84
000001,2015/04/09,4006.13,4016.4,3900.03,3957.53,8167108771.84,585176825.0,-0.93
000001,2015/04/10,3947.49,4040.35,3929.32,4034.31,6685041623.04,484283619.0,1.94
000001,2015/04/13,4072.72,4128.07,4057.29,4121.71,7816673361.92,589814227.0,2.17
000001,2015/04/14,4125.78,4168.35,4091.26,4135.56,8146451824.64,610683541.0,0.34
000001,2015/04/15,4135.65,4175.49,4069.01,4084.16,7731258982.4,613005812.0,-1.24
000001,2015/04/16,4055.92,4195.31,4031.24,4194.82,7120824565.76,551242956.0,2.71
000001,2015/04/17,4254.72,4317.22,4238.91,4287.3,9156330127.36,701706205.0,2.2
000001,2015/04/20,4301.35,4356.0,4190.68,4217.08,9999999959.04,857132807.0,-1.64
000001,2015/04/21,4212.19,4294.38,4188.57,4293.62,8624477962.24,634470627.0,1.81
000001,2015/04/22,4304.6,4400.19,4297.95,4398.49,9768769290.24,680305086.0,2.44
000001,2015/04/23,4414.48,4444.41,4358.84,4414.51,9630249123.84,667344661.0,0.36
000001,2015/04/24,4355.95,4416.38,4318.12,4393.69,9168729538.56,628554996.0,-0.47
000001,2015/04/27,4441.93,4529.74,4441.93,4527.4,9752420679.68,671088521.0,3.04
000001,2015/04/28,4527.64,4572.39,4432.9,4476.21,10611721502.72,767676416.0,-1.13
000001,2015/04/29,4446.12,4499.94,4398.64,4476.62,7524017766.4,519834202.0,0.01
000001,2015/04/30,4483.01,4507.34,4441.05,4441.65,7743491932.16,526727975.0,-0.78
000001,2015/05/04,4441.34,4487.57,4387.43,4480.46,7175408189.44,494173398.0,0.87
000001,2015/05/05,4479.85,4488.87,4282.24,4298.71,8055660871.68,572858596.0,-4.06
000001,2015/05/06,4311.64,4376.35,4187.37,4229.27,7165362176.0,481732993.0,-1.62
000001,2015/05/07,4197.9,4213.76,4108.01,4112.21,5402063011.84,394566653.0,-2.77
000001,2015/05/08,4152.98,4206.86,4099.04,4205.92,5596486696.96,397428094.0,2.28
000001,2015/05/11,4231.27,4334.88,4187.82,4333.58,7152466001.92,488750515.0,3.04
000001,2015/05/12,4342.37,4402.31,4317.98,4401.22,7934637506.56,521866408.0,1.56
000001,2015/05/13,4402.38,4415.63,4342.48,4375.76,7807549440.0,510490475.0,-0.58
000001,2015/05/14,4372.82,4397.75,4329.04,4378.31,6698822533.12,449077935.0,0.06
000001,2015/05/15,4366.82,4366.82,4278.55,4308.69,6659656253.44,439706198.0,-1.59
000001,2015/05/18,4277.9,4324.83,4260.51,4283.49,5945595002.88,380057452.0,-0.58
000001,2015/05/19,4285.78,4418.4,4285.78,4417.55,6938125926.4,436735224.0,3.13
000001,2015/05/20,4434.98,4520.54,4432.28,4446.29,8060805447.68,514106223.0,0.65
000001,2015/05/21,4456.44,4530.48,4438.26,4529.42,7290805944.32,464996520.0,1.87
000001,2015/05/22,4584.98,4658.27,4562.99,4657.6,10071732387.84,655591287.0,2.83
000001,2015/05/25,4660.08,4814.67,4656.82,4813.8,10792956067.84,682461391.0,3.35
000001,2015/05/26,4854.85,4911.68,4779.08,4910.9,11385093488.64,704892829.0,2.02
000001,2015/05/27,4932.85,4958.16,4857.06,4941.71,11162618429.44,681165379.0,0.63
000001,2015/05/28,4943.74,4986.5,4614.24,4620.27,12479260262.4,782964592.0,-6.5
000001,2015/05/29,4603.47,4698.19,4431.56,4611.74,9553655889.92,611262409.0,-0.18
000001,2015/06/01,4633.1,4829.5,4615.23,4828.74,9344554762.24,593389035.0,4.71
000001,2015/06/02,4844.7,4911.57,4797.55,4910.53,9987457679.36,623748099.0,1.69
000001,2015/06/03,4924.38,4942.06,4822.44,4909.98,10101799649.28,611453839.0,-0.01
000001,2015/06/04,4912.95,4947.96,4647.41,4947.1,10522702643.2,674952402.0,0.76
000001,2015/06/05,5016.09,5051.63,4898.07,5023.1,12323006709.76,772240812.0,1.54
000001,2015/06/08,5045.69,5146.95,4997.48,5131.88,13099245240.32,855035085.0,2.17
000001,2015/06/09,5145.98,5147.45,5042.96,5113.53,11508086210.56,729893818.0,-0.36
000001,2015/06/10,5049.2,5164.16,5001.49,5106.04,10064282255.36,596969001.0,-0.15
000001,2015/06/11,5101.44,5122.46,5050.76,5121.59,9746705940.48,563990522.0,0.3
000001,2015/06/12,5143.34,5178.19,5103.4,5166.35,10601674178.56,625627854.0,0.87
000001,2015/06/15,5174.42,5176.79,5048.74,5062.99,10649919815.68,637803984.0,-2.0
000001,2015/06/16,5004.41,5029.68,4842.1,4887.43,8954205306.88,550801407.0,-3.47
000001,2015/06/17,4890.55,4983.66,4767.22,4967.9,8302667366.4,537101168.0,1.65
000001,2015/06/18,4942.52,4966.77,4780.87,4785.36,7858450595.84,507440899.0,-3.67
000001,2015/06/19,4689.93,4744.08,4476.5,4478.36,6854581944.32,452689626.0,-6.42
000001,2015/06/23,4471.61,4577.94,4264.77,4576.49,6936171642.88,473526128.0,2.19
000001,2015/06/24,4604.58,4691.77,4552.13,4690.15,8150627123.2,543003709.0,2.48
000001,2015/06/25,4711.76,4720.7,4483.55,4527.78,8653797457.92,572797533.0,-3.46
000001,2015/06/26,4399.93,4456.9,4139.53,4192.87,7878357155.84,565217874.0,-7.4
000001,2015/06/29,4289.77,4297.48,3875.05,4053.03,9042713640.96,673786349.0,-3.34
000001,2015/06/30,4006.75,4279.97,3847.88,4277.22,9415246479.36,709176633.0,5.53
000001,2015/07/01,4214.15,4317.05,4043.37,4053.7,8380708945.92,598769427.0,-5.23
000001,2015/07/02,4058.62,4080.39,3795.25,3912.77,7360068321.28,586015612.0,-3.48
000001,2015/07/03,3793.71,3927.13,3629.56,3686.92,6480541122.56,548163111.0,-5.77
000001,2015/07/06,3975.21,3975.21,3653.04,3775.91,9434204078.08,831139286.0,2.41
000001,2015/07/07,3654.78,3750.57,3585.4,3727.12,7760725278.72,698818688.0,-1.29
000001,2015/07/08,3467.4,3599.25,3421.53,3507.19,7002483589.12,680356922.0,-5.9
000001,2015/07/09,3432.45,3748.48,3373.54,3709.33,6733109657.6,656914612.0,5.76
000001,2015/07/10,3707.46,3959.22,3677.43,3877.8,6804341391.36,586364255.0,4.54
000001,2015/07/13,3918.99,4030.19,3858.64,3970.39,7824305684.48,643489007.0,2.39
000001,2015/07/14,3958.37,4035.43,3855.56,3924.49,8300746506.24,670558799.0,-1.16
000001,2015/07/15,3874.97,3914.27,3741.25,3805.7,7005365207.04,601301324.0,-3.03
000001,2015/07/16,3758.5,3877.51,3688.44,3823.18,5698589163.52,492256200.0,0.46
000001,2015/07/17,3831.42,3994.48,3814.15,3957.35,5930669834.24,481726268.0,3.51
000001,2015/07/20,3948.42,4021.33,3927.12,3992.11,6882555985.92,539106714.0,0.88
000001,2015/07/21,3939.9,4041.82,3912.8,4017.67,6464168263.68,504288028.0,0.64
000001,2015/07/22,3996.43,4042.34,3960.86,4026.04,6788319150.08,520732225.0,0.21
000001,2015/07/23,4022.27,4132.61,4019.04,4123.92,7435318722.56,563585966.0,2.43
000001,2015/07/24,4124.75,4184.45,4044.83,4070.91,8430220738.56,627424860.0,-1.29
000001,2015/07/27,3985.57,4051.16,3720.44,3725.56,7212980633.6,556003247.0,-8.48
000001,2015/07/28,3573.14,3762.53,3537.36,3663.0,6850575073.28,563330042.0,-1.68
000001,2015/07/29,3689.82,3792.07,3612.06,3789.17,5574919454.72,434352085.0,3.44
000001,2015/07/30,3773.79,3844.37,3685.96,3705.77,6159779102.72,457943228.0,-2.2
000001,2015/07/31,3655.67,3729.51,3620.17,3663.73,4604722544.64,350955745.0,-1.13
000001,2015/08/03,3614.99,3648.94,3549.5,3622.91,4459915837.44,363968731.0,-1.11
000001,2015/08/04,3621.86,3757.03,3601.29,3756.54,4640362332.16,362901666.0,3.69
000001,2015/08/05,3745.65,3782.35,3676.39,3694.57,4838502891.52,366422979.0,-1.65
000001,2015/08/06,3625.5,3710.57,3614.74,3661.54,3575151329.28,274074663.0,-0.89
000001,2015/08/07,3692.61,3756.74,3686.3,3744.2,4454850232.32,340757184.0,2.26
000001,2015/08/10,3786.03,3943.62,3775.85,3928.42,6526220369.92,497304319.0,4.92
000001,2015/08/11,3928.81,3970.34,3891.18,3927.91,7122899435.52,538923460.0,-0.01
000001,2015/08/12,3881.23,3937.77,3871.14,3886.32,5970502615.04,442688278.0,-1.06
000001,2015/08/13,3869.91,3955.79,3838.16,3954.56,5786855014.4,430073303.0,1.76
000001,2015/08/14,3976.41,4000.68,3939.83,3965.33,6474664509.44,467988217.0,0.27
000001,2015/08/17,3947.84,3994.54,3907.4,3993.67,6263276830.72,460432060.0,0.71
000001,2015/08/18,3999.13,4006.34,3743.39,3748.16,7224672256.0,543770822.0,-6.15
000001,2015/08/19,3646.8,3811.43,3558.38,3794.11,5995133009.92,475396239.0,1.23
000001,2015/08/20,3754.57,3788.01,3663.61,3664.29,5011949813.76,390063057.0,-3.42
000001,2015/08/21,3609.96,3652.84,3490.54,3507.74,4506164920.32,369920479.0,-4.27
000001,2015/08/24,3373.48,3388.36,3191.88,3209.91,3588188733.44,334671792.0,-8.49
000001,2015/08/25,3004.13,3123.03,2947.94,2964.97,3587357736.96,352325110.0,-7.63
000001,2015/08/26,2980.79,3092.04,2850.71,2927.29,4617889710.08,466699663.0,-1.27
000001,2015/08/27,2978.03,3085.42,2906.49,3083.59,4042892902.4,400308398.0,5.34
000001,2015/08/28,3125.26,3235.84,3102.95,3232.35,4746310123.52,443136928.0,4.82
000001,2015/08/31,3203.56,3207.86,3109.16,3205.99,4310686105.6,397431382.0,-0.82
000001,2015/09/01,3157.83,3180.33,3053.74,3166.62,4204116377.6,432432468.0,-1.23
000001,2015/09/02,3027.68,3194.48,3019.09,3160.17,4232623554.56,438170153.0,-0.2
000001,2015/09/07,3149.38,3217.58,3066.3,3080.42,3026897141.76,296468114.0,-2.52
000001,2015/09/08,3054.44,3174.71,3011.12,3170.45,2639103754.24,255415465.0,2.92
000001,2015/09/09,3182.55,3256.74,3165.7,3243.09,4129914224.64,375327978.0,2.29
000001,2015/09/10,3190.55,3243.28,3178.9,3197.89,2995810795.52,273261759.0,-1.39
000001,2015/09/11,3189.48,3223.76,3163.45,3200.23,2527694684.16,224557822.0,0.07
000001,2015/09/14,3221.17,3229.48,3049.23,3114.8,3735767941.12,346631158.0,-2.67
000001,2015/09/15,3043.8,3081.7,2983.92,3005.17,2439045939.2,249194445.0,-3.52
000001,2015/09/16,2998.04,3182.93,2983.54,3152.26,2819922657.28,277524524.0,4.89
000001,2015/09/17,3131.98,3204.7,3085.31,3086.06,3373932871.68,317602892.0,-2.1
000001,2015/09/18,3100.28,3122.05,3070.34,3097.92,2184424325.12,209175398.0,0.38
000001,2015/09/21,3072.09,3159.88,3060.86,3156.54,2597966807.04,239897354.0,1.89
000001,2015/09/22,3161.32,3213.48,3152.48,3185.62,3050713251.84,274786154.0,0.92
000001,2015/09/23,3137.72,3164.04,3104.74,3115.89,2575600353.28,236322670.0,-2.19
000001,2015/09/24,3126.49,3151.16,3109.69,3142.69,2313690480.64,212887723.0,0.86
000001,2015/09/25,3130.85,3149.95,3063.0,3092.35,2489711165.44,236263871.0,-1.6
000001,2015/09/28,3085.57,3103.07,3042.31,3100.76,1664223969.28,156727530.0,0.27
000001,2015/09/29,3055.22,3068.3,3021.16,3038.14,1696865976.32,163222673.0,-2.02
000001,2015/09/30,3052.84,3073.3,3039.74,3052.78,1565691904.0,146642449.0,0.48
000001,2015/10/08,3156.07,3172.28,3133.13,3143.36,2588303360.0,234276050.0,2.97
000001,2015/10/09,3146.64,3192.72,3137.79,3183.15,2563791093.76,234851445.0,1.27
000001,2015/10/12,3193.54,3318.71,3188.41,3287.66,4355410165.76,386294715.0,3.28
000001,2015/10/13,3262.16,3298.63,3253.25,3293.23,3348060897.28,297153133.0,0.17
000001,2015/10/14,3280.02,3307.32,3256.25,3262.44,3302775193.6,295077739.0,-0.93
000001,2015/10/15,3255.03,3338.3,3254.39,3338.07,3625655664.64,316283851.0,2.32
000001,2015/10/16,3358.3,3393.02,3334.85,3391.35,4594478284.8,395460575.0,1.6
000001,2015/10/19,3401.63,3423.4,3355.57,3386.7,4533036318.72,378112183.0,-0.14
000001,2015/10/20,3377.55,3425.52,3357.86,3425.33,3835825029.12,318973758.0,1.14
000001,2015/10/21,3428.56,3447.26,3265.44,3320.68,5185092321.28,458455428.0,-3.06
000001,2015/10/22,3292.29,3373.78,3282.99,3368.74,3754520084.48,323739341.0,1.45
000001,2015/10/23,3377.55,3422.02,3360.22,3412.43,4252630712.32,347372854.0,1.3
000001,2015/10/26,3448.65,3457.52,3402.0,3429.58,4539425095.68,365560853.0,0.5
000001,2015/10/27,3409.14,3441.57,3332.62,3434.34,4088872304.64,328172768.0,0.14
000001,2015/10/28,3417.01,3439.76,3367.23,3375.2,3616561889.28,293523284.0,-1.72
000001,2015/10/29,3387.77,3411.71,3362.51,3387.32,2945084293.12,235676026.0,0.36
000001,2015/10/30,3380.28,3417.2,3346.59,3382.56,3072667811.84,243595118.0,-0.14
000001,2015/11/02,3337.58,3391.06,3322.31,3325.08,2860193218.56,230951129.0,-1.7
000001,2015/11/03,3330.32,3346.27,3302.18,3316.7,2443605606.4,192897428.0,-0.25
000001,2015/11/04,3325.62,3459.65,3325.62,3459.64,4261043896.32,339078730.0,4.31
000001,2015/11/05,3459.22,3585.66,3455.53,3522.82,6786746286.08,553254947.0,1.83
000001,2015/11/06,3514.44,3596.38,3508.83,3590.03,5432822005.76,429167033.0,1.91
000001,2015/11/09,3588.5,3673.76,3588.5,3646.88,6361840353.28,503016682.0,1.58
000001,2015/11/10,3617.4,3669.53,3607.89,3640.49,5600551239.68,429746576.0,-0.18
000001,2015/11/11,3635.0,3654.88,3605.62,3650.25,4678222151.68,360972651.0,0.27
000001,2015/11/12,3656.82,3659.31,3603.23,3632.9,4828326133.76,361717600.0,-0.48
000001,2015/11/13,3600.76,3632.56,3564.81,3580.84,4686686453.76,345870933.0,-1.43
000001,2015/11/16,3522.46,3607.61,3519.42,3606.96,3694218444.8,276187057.0,0.73
000001,2015/11/17,3629.98,3678.27,3598.07,3604.8,5215203491.84,383575468.0,-0.06
000001,2015/11/18,3605.06,3617.07,3558.7,3568.47,3923387678.72,297580734.0,-1.01
000001,2015/11/19,3573.78,3618.21,3561.04,3617.06,3284426096.64,247915576.0,1.36
000001,2015/11/20,3620.79,3640.53,3607.92,3630.5,4139108925.44,310801972.0,0.37
000001,2015/11/23,3630.87,3654.75,3598.87,3610.31,4141482311.68,315997474.0,-0.56
000001,2015/11/24,3602.89,3616.48,3563.1,3616.11,3277585121.28,248810524.0,0.16
000001,2015/11/25,3614.07,3648.37,3607.52,3647.93,3808029245.44,273024857.0,0.88
000001,2015/11/26,3659.57,3668.38,3629.86,3635.55,4262474219.52,306761582.0,-0.34
000001,2015/11/27,3616.54,3621.9,3412.43,3436.3,4643112550.4,354287525.0,-5.48
000001,2015/11/30,3433.86,3470.37,3327.81,3445.4,3875036528.64,304197903.0,0.26
000001,2015/12/01,3442.44,3483.41,3417.54,3456.31,3302567444.48,252390755.0,0.32
000001,2015/12/02,3450.28,3538.85,3427.66,3536.91,3691830312.96,301491480.0,2.33
000001,2015/12/03,3525.73,3591.73,3517.23,3584.82,3388590981.12,281111255.0,1.35
000001,2015/12/04,3558.15,3568.97,3510.41,3524.99,3197668229.12,251736411.0,-1.67
000001,2015/12/07,3529.81,3543.95,3506.62,3536.93,2805615820.8,208302579.0,0.34
000001,2015/12/08,3518.65,3518.65,3466.79,3470.07,2978217328.64,224367310.0,-1.89
000001,2015/12/09,3462.58,3495.7,3454.88,3472.44,2678548725.76,195698845.0,0.07
000001,2015/12/10,3469.81,3503.65,3446.27,3455.5,2794997022.72,200427517.0,-0.49
000001,2015/12/11,3441.6,3455.55,3410.92,3434.58,2450764267.52,182908878.0,-0.61
000001,2015/12/14,3403.51,3521.78,3399.28,3520.67,2792135393.28,215374620.0,2.51
000001,2015/12/15,3518.13,3529.96,3496.85,3510.35,2762749378.56,200471341.0,-0.29
000001,2015/12/16,3522.09,3538.69,3506.29,3516.19,2652886466.56,193482310.0,0.17
000001,2015/12/17,3533.63,3583.41,3533.63,3580.0,3814396067.84,283856476.0,1.81
000001,2015/12/18,3574.94,3614.7,3568.16,3578.96,3653858099.2,273707904.0,-0.03
000001,2015/12/21,3568.58,3651.06,3565.75,3642.47,3983169617.92,299849280.0,1.77
000001,2015/12/22,3645.99,3652.63,3616.87,3651.77,3608460328.96,261178763.0,0.26
000001,2015/12/23,3653.28,3684.57,3633.03,3636.09,4199029145.6,298201801.0,-0.43
000001,2015/12/24,3631.31,3640.22,3572.28,3612.49,3154212618.24,227785225.0,-0.65
000001,2015/12/25,3614.05,3635.26,3601.74,3627.91,2746600488.96,198451111.0,0.43
000001,2015/12/28,3635.77,3641.59,3533.78,3533.78,3690428170.24,269983278.0,-2.59
000001,2015/12/29,3528.4,3564.17,3515.52,3563.74,2509389004.8,182551923.0,0.85
000001,2015/12/30,3566.73,3573.68,3538.11,3572.88,2677876654.08,187889609.0,0.26
000001,2015/12/31,3570.47,3580.6,3538.35,3539.18,2540310691.84,176963659.0,-0.94
000001,2016/01/04,3536.59,3538.69,3295.74,3296.26,2409291612.16,184418423.0,-6.86
000001,2016/01/05,3196.65,3328.14,3189.6,3287.71,3284172144.64,266882083.0,-0.26
000001,2016/01/06,3291.19,3362.97,3288.93,3361.84,2852432117.76,238886670.0,2.25
000001,2016/01/07,3309.66,3309.66,3115.89,3125.0,799819857.92,70569123.0,-7.04
000001,2016/01/08,3194.63,3235.45,3056.88,3186.41,3241671393.28,286440822.0,1.97
000001,2016/01/11,3131.85,3166.22,3016.7,3016.7,2863796387.84,271643691.0,-5.33
000001,2016/01/12,3026.16,3047.66,2978.46,3022.86,2241354301.44,207659622.0,0.2
000001,2016/01/13,3041.11,3059.01,2949.29,2949.6,2083760373.76,194282106.0,-2.42
000001,2016/01/14,2874.05,3012.29,2867.55,3007.65,2180136632.32,212905644.0,1.97
000001,2016/01/15,2988.05,3001.71,2883.87,2900.97,2066039767.04,198721697.0,-3.55
000001,2016/01/18,2847.54,2945.45,2844.7,2913.84,1736199700.48,164699694.0,0.44
000001,2016/01/19,2914.41,3012.07,2906.4,3007.74,2226747965.44,205279703.0,3.22
000001,2016/01/20,2993.01,3016.28,2951.92,2976.69,2345629286.4,216505474.0,-1.03
000001,2016/01/21,2934.39,2998.79,2880.08,2880.48,2036345733.12,191675668.0,-3.23
000001,2016/01/22,2911.11,2931.36,2851.73,2916.56,1700622499.84,159810734.0,1.25
000001,2016/01/25,2934.08,2955.78,2911.83,2938.51,1640234024.96,153039057.0,0.75
000001,2016/01/26,2907.72,2911.99,2743.84,2749.78,2126081556.48,210836054.0,-6.42
000001,2016/01/27,2756.08,2768.77,2638.3,2735.56,2074266828.8,215722046.0,-0.52
000001,2016/01/28,2711.16,2740.54,2647.49,2655.66,1673574154.24,171120280.0,-2.92
000001,2016/01/29,2652.85,2755.37,2649.79,2737.6,1800068136.96,186673106.0,3.09
000001,2016/02/01,2730.98,2735.26,2655.62,2688.85,1528307384.32,156383744.0,-1.78
000001,2016/02/02,2687.98,2755.16,2687.98,2749.57,1589368094.72,158078211.0,2.26
000001,2016/02/03,2719.57,2746.07,2696.88,2739.25,1466271170.56,148397217.0,-0.38
000001,2016/02/04,2751.43,2793.3,2751.31,2781.02,1753473843.2,170382018.0,1.52
000001,2016/02/05,2783.08,2790.06,2762.16,2763.49,1455536373.76,141186284.0,-0.63
000001,2016/02/15,2684.96,2760.36,2682.09,2746.2,1293210583.04,129263932.0,-0.63
000001,2016/02/16,2758.58,2840.62,2758.58,2836.57,1989691310.08,195961614.0,3.29
000001,2016/02/17,2829.76,2868.7,2824.36,2867.34,2259642449.92,216909925.0,1.08
000001,2016/02/18,2881.78,2893.21,2857.7,2862.89,2307750461.44,219203873.0,-0.16
000001,2016/02/19,2854.9,2872.72,2840.49,2860.02,1784248401.92,163391413.0,-0.1
000001,2016/02/22,2888.6,2933.96,2880.35,2927.18,2386828165.12,232176042.0,2.35
000001,2016/02/23,2925.71,2928.05,2872.28,2903.33,2115489464.32,199740663.0,-0.81
000001,2016/02/24,2889.88,2929.87,2872.27,2928.9,2278516490.24,213410384.0,0.88
000001,2016/02/25,2922.24,2922.24,2729.85,2741.25,2717671424.0,270284416.0,-6.41
000001,2016/02/26,2760.06,2784.75,2715.87,2767.21,1900689817.6,191110472.0,0.95
000001,2016/02/29,2754.81,2755.89,2638.96,2687.98,1946401996.8,207410709.0,-2.86
000001,2016/03/01,2688.38,2747.56,2668.76,2733.17,1821855416.32,187207443.0,1.68
000001,2016/03/02,2733.77,2852.7,2732.54,2849.68,2593187594.24,270961783.0,4.26
000001,2016/03/03,2847.33,2878.45,2840.87,2859.76,2799719219.2,287478210.0,0.35
000001,2016/03/04,2848.54,2880.37,2808.85,2874.15,2949821235.2,312495169.0,0.5
000001,2016/03/07,2886.64,2911.84,2871.35,2897.34,2085593251.84,217466836.0,0.81
000001,2016/03/08,2895.67,2902.62,2802.56,2901.39,2205139599.36,233482661.0,0.14
000001,2016/03/09,2839.41,2863.01,2811.72,2862.56,1770725539.84,183355383.0,-1.34
000001,2016/03/10,2847.57,2863.18,2803.48,2804.73,1418124165.12,138979461.0,-2.02
000001,2016/03/11,2781.6,2815.61,2772.55,2810.31,1284503142.4,127247554.0,0.2
000001,2016/03/14,2830.08,2889.82,2823.03,2859.5,2027931402.24,194816030.0,1.75
000001,2016/03/15,2853.98,2865.79,2819.79,2864.37,1702195200.0,163386667.0,0.17
000001,2016/03/16,2858.71,2881.53,2854.19,2870.43,1901938606.08,186492535.0,0.21
000001,2016/03/17,2875.41,2921.0,2857.19,2904.83,2138436403.2,200290213.0,1.2
000001,2016/03/18,2915.52,2971.55,2908.74,2955.15,3282411520.0,313332735.0,1.73
000001,2016/03/21,2978.46,3028.32,2973.76,3018.8,3808230768.64,352400438.0,2.15
000001,2016/03/22,3001.63,3019.1,2988.43,2999.36,3110253035.52,270377322.0,-0.64
000001,2016/03/23,2991.17,3012.56,2980.86,3009.96,2563281551.36,216977462.0,0.35
000001,2016/03/24,2986.8,2998.15,2960.54,2960.97,2747951185.92,237006403.0,-1.63
000001,2016/03/25,2956.2,2981.41,2952.11,2979.43,2008184422.4,175074344.0,0.62
000001,2016/03/28,2988.01,3008.17,2948.53,2957.82,2323237273.6,202021241.0,-0.73
000001,2016/03/29,2956.71,2962.2,2905.25,2919.83,2016258293.76,182965345.0,-1.28
000001,2016/03/30,2941.22,3001.11,2941.22,3000.65,2344106229.76,210371451.0,2.77
000001,2016/03/31,3009.37,3023.41,2992.92,3003.92,2522197524.48,220413445.0,0.11
000001,2016/04/01,2997.09,3009.67,2956.25,3009.53,2175205376.0,206545866.0,0.19
000001,2016/04/05,3000.94,3057.33,2993.15,3053.07,2766546862.08,256730344.0,1.45
000001,2016/04/06,3039.74,3059.79,3029.0,3050.59,2549145600.0,232262051.0,-0.08
000001,2016/04/07,3058.34,3062.36,3007.06,3008.42,2439618068.48,220919506.0,-1.38
000001,2016/04/08,2988.2,2996.17,2960.46,2984.96,2073370951.68,187904633.0,-0.78
000001,2016/04/11,3006.91,3048.98,3006.91,3033.96,2523283947.52,220018324.0,1.64
000001,2016/04/12,3031.3,3036.82,3001.32,3023.65,2070798008.32,182718668.0,-0.34
000001,2016/04/13,3041.36,3097.16,3041.36,3066.64,3314206965.76,310003246.0,1.42
000001,2016/04/14,3080.09,3086.7,3056.99,3082.36,2350560542.72,208237830.0,0.51
000001,2016/04/15,3085.03,3089.95,3066.87,3078.12,2241413120.0,189613051.0,-0.14
000001,2016/04/18,3058.46,3058.46,3022.97,3033.66,2086130810.88,183304512.0,-1.44
000001,2016/04/19,3047.13,3054.5,3024.9,3042.82,1809480089.6,156533200.0,0.3
000001,2016/04/20,3050.38,3055.69,2905.05,2972.58,3111548682.24,283144219.0,-2.31
000001,2016/04/21,2954.37,2990.67,2943.46,2952.89,2064771317.76,189406849.0,-0.66
000001,2016/04/22,2933.03,2960.21,2926.78,2959.24,1488004382.72,137211668.0,0.22
000001,2016/04/25,2949.97,2954.09,2917.02,2946.67,1406387486.72,125856243.0,-0.42
000001,2016/04/26,2944.72,2965.43,2933.97,2964.7,1342924554.24,117711604.0,0.61
000001,2016/04/27,2967.19,2976.02,2949.43,2953.67,1502863032.32,130867640.0,-0.37
000001,2016/04/28,2955.74,2959.51,2916.37,2945.59,1546146938.88,138663274.0,-0.27
000001,2016/04/29,2935.38,2950.58,2930.36,2938.32,1285027348.48,109310628.0,-0.25
000001,2016/05/03,2940.39,2993.53,2929.81,2992.64,1958166036.48,168703643.0,1.85
000001,2016/05/04,2983.03,3004.42,2978.33,2991.27,1890463744.0,165407106.0,-0.05
000001,2016/05/05,2987.02,2999.12,2977.2,2997.84,1631137792.0,144831383.0,0.22
000001,2016/05/06,2998.4,3003.59,2913.04,2913.25,2340774379.52,206796498.0,-2.82
000001,2016/05/09,2896.16,2896.16,2821.83,2832.11,1887056855.04,180378330.0,-2.79
000001,2016/05/10,2822.33,2845.24,2820.16,2832.59,1285352652.8,120829310.0,0.02
000001,2016/05/11,2843.54,2857.25,2818.7,2837.04,1460225146.88,135795466.0,0.16
000001,2016/05/12,2812.11,2839.28,2781.24,2835.86,1408386334.72,136337655.0,-0.04
000001,2016/05/13,2828.46,2850.09,2814.11,2827.11,1236926464.0,114319710.0,-0.31
000001,2016/05/16,2816.78,2851.23,2804.99,2850.86,1268442972.16,114653592.0,0.84
000001,2016/05/17,2850.93,2860.32,2832.46,2843.68,1400010014.72,123369064.0,-0.25
000001,2016/05/18,2828.18,2828.26,2781.42,2807.51,1493968158.72,140487826.0,-1.27
000001,2016/05/19,2802.31,2829.4,2801.55,2806.91,1241510543.36,111595071.0,-0.02
000001,2016/05/20,2792.89,2825.95,2785.08,2825.48,1237945958.4,108700899.0,0.66
000001,2016/05/23,2826.31,2848.07,2826.26,2843.65,1399503585.28,120470455.0,0.64
000001,2016/05/24,2839.68,2839.7,2807.19,2821.67,1210960609.28,111452445.0,-0.77
000001,2016/05/25,2835.03,2843.17,2807.75,2815.09,1177676267.52,103527265.0,-0.23
000001,2016/05/26,2813.54,2827.09,2780.76,2822.44,1271051796.48,114766797.0,0.26
000001,2016/05/27,2817.97,2832.8,2809.8,2821.05,1238588620.8,109845823.0,-0.05
000001,2016/05/30,2814.65,2830.97,2794.66,2822.45,1155874816.0,106319589.0,0.05
000001,2016/05/31,2822.59,2917.14,2822.59,2916.62,2365285007.36,215260341.0,3.34
000001,2016/06/01,2917.15,2929.08,2909.51,2913.51,2198680535.04,188386421.0,-0.11
000001,2016/06/02,2911.22,2925.67,2906.52,2925.23,1850849034.24,159716916.0,0.4
000001,2016/06/03,2929.79,2945.52,2915.19,2938.68,2113024819.2,172021023.0,0.46
000001,2016/06/06,2940.99,2945.94,2922.28,2934.1,1724267888.64,141993742.0,-0.16
000001,2016/06/07,2936.28,2938.44,2923.5,2936.04,1636056104.96,132987867.0,0.07
000001,2016/06/08,2932.38,2937.99,2908.37,2927.16,1773773127.68,143046071.0,-0.3
000001,2016/06/13,2897.27,2911.16,2832.51,2833.07,1985477672.96,169255434.0,-3.21
000001,2016/06/14,2824.23,2843.46,2822.06,2842.19,1385317498.88,119755274.0,0.32
000001,2016/06/15,2814.69,2894.26,2811.78,2887.21,1971993313.28,166671069.0,1.58
000001,2016/06/16,2878.4,2887.74,2865.39,2872.82,2019571630.08,173882767.0,-0.5
000001,2016/06/17,2873.01,2900.3,2872.18,2885.11,1954324971.52,171472517.0,0.43
000001,2016/06/20,2887.64,2891.66,2864.02,2888.81,1637344378.88,136571051.0,0.13
000001,2016/06/21,2898.38,2919.3,2869.18,2878.56,1982019174.4,164359089.0,-0.35
000001,2016/06/22,2872.73,2905.98,2869.51,2905.55,1563393884.16,130590424.0,0.94
000001,2016/06/23,2902.4,2904.11,2878.66,2891.96,1636802723.84,136137375.0,-0.47
000001,2016/06/24,2883.76,2899.57,2807.6,2854.29,2149134499.84,190842609.0,-1.3
000001,2016/06/27,2840.56,2895.73,2840.28,2895.7,1898547281.92,156697472.0,1.45
000001,2016/06/28,2885.01,2913.58,2878.82,2912.56,2110792990.72,173871047.0,0.58
000001,2016/06/29,2918.53,2934.0,2915.06,2931.59,2234063585.28,193215586.0,0.65
000001,2016/06/30,2931.48,2938.14,2922.31,2929.61,1874597969.92,154464930.0,-0.07
000001,2016/07/01,2931.8,2944.99,2925.81,2932.48,1730061926.4,141246227.0,0.1
000001,2016/07/04,2924.29,2992.5,2922.52,2988.6,2531503636.48,222017132.0,1.91
000001,2016/07/05,2991.75,3010.27,2990.64,3006.39,2704180183.04,235204450.0,0.6
000001,2016/07/06,2998.52,3017.65,2984.83,3017.29,2464978370.56,212370920.0,0.36
000001,2016/07/07,3009.35,3024.11,2994.64,3016.85,2701971292.16,222681667.0,-0.01
000001,2016/07/08,3000.33,3001.55,2983.88,2988.09,2096726671.36,168986859.0,-0.95
000001,2016/07/11,2993.75,3022.94,2990.91,2994.92,2719164989.44,224338224.0,0.23
000001,2016/07/12,2992.52,3049.68,2984.42,3049.38,2886567526.4,259486295.0,1.82
000001,2016/07/13,3049.51,3069.05,3048.2,3060.69,2793508700.16,253659384.0,0.37
000001,2016/07/14,3054.97,3057.05,3036.52,3054.02,2089390243.84,180194804.0,-0.22
000001,2016/07/15,3056.68,3062.68,3044.54,3054.3,2028405555.2,172866398.0,0.01
000001,2016/07/18,3047.64,3058.32,3031.64,3043.56,2066677104.64,177496562.0,-0.35
000001,2016/07/19,3040.23,3043.6,3014.29,3036.6,1872067297.28,155361466.0,-0.23
000001,2016/07/20,3034.71,3043.0,3022.63,3027.9,1714729123.84,138242815.0,-0.29
000001,2016/07/21,3027.6,3053.33,3027.37,3039.01,2002784583.68,163767370.0,0.37
000001,2016/07/22,3038.12,3039.27,3007.46,3012.82,1975173447.68,162010181.0,-0.86
000001,2016/07/25,3008.09,3027.12,3003.29,3015.83,1754219970.56,144206582.0,0.1
000001,2016/07/26,3014.04,3050.61,3013.8,3050.17,1854744657.92,156694506.0,1.14
000001,2016/07/27,3050.37,3057.42,2939.23,2992.0,3168113786.88,280160915.0,-1.91
000001,2016/07/28,2980.5,3003.36,2968.18,2994.32,2176270008.32,190564950.0,0.08
000001,2016/07/29,2992.54,3000.05,2972.92,2979.34,1701985648.64,150101534.0,-0.5
000001,2016/08/01,2971.95,2972.88,2931.96,2953.39,1623726817.28,147407763.0,-0.87
000001,2016/08/02,2950.08,2971.28,2946.64,2971.28,1292668764.16,115468900.0,0.61
000001,2016/08/03,2963.21,2981.16,2956.79,2978.46,1590882631.68,141141332.0,0.24
000001,2016/08/04,2976.41,2982.86,2958.93,2982.43,1533079715.84,133933301.0,0.13
000001,2016/08/05,2978.78,2991.68,2971.56,2976.7,1617959813.12,141857101.0,-0.19
000001,2016/08/08,2972.62,3004.72,2959.05,3004.28,1720896552.96,155729833.0,0.93
000001,2016/08/09,3001.31,3025.91,2998.68,3025.68,1877168619.52,169995446.0,0.71
000001,2016/08/10,3023.47,3033.2,3017.09,3018.75,1845251768.32,164675165.0,-0.23
000001,2016/08/11,3013.68,3038.05,3001.17,3002.64,1798615203.84,161879481.0,-0.53
000001,2016/08/12,3000.27,3051.05,2999.04,3050.67,1793048903.68,168173657.0,1.6
000001,2016/08/15,3056.48,3137.48,3053.87,3125.2,3279911321.6,297616506.0,2.44
000001,2016/08/16,3130.53,3140.44,3102.07,3110.04,3085448642.56,278328934.0,-0.49
000001,2016/08/17,3106.99,3114.25,3090.28,3109.55,2434052587.52,213839637.0,-0.02
000001,2016/08/18,3107.75,3125.58,3093.32,3104.11,2569696706.56,229359081.0,-0.17
000001,2016/08/19,3100.39,3113.34,3082.77,3108.1,2120509685.76,194347453.0,0.13
000001,2016/08/22,3107.38,3112.74,3083.59,3084.81,2076388720.64,185387927.0,-0.75
000001,2016/08/23,3081.57,3101.11,3073.53,3089.71,1791834849.28,161368965.0,0.16
000001,2016/08/24,3092.02,3097.15,3079.55,3085.88,1683625246.72,145707440.0,-0.12
000001,2016/08/25,3073.44,3073.44,3041.51,3068.33,2008597463.04,174032980.0,-0.57
000001,2016/08/26,3069.85,3087.65,3063.89,3070.31,1763095019.52,149663901.0,0.06
000001,2016/08/29,3068.46,3074.94,3058.79,3070.03,1663973457.92,144500007.0,-0.01
000001,2016/08/30,3071.44,3082.99,3065.97,3074.68,1638788300.8,140434811.0,0.15
000001,2016/08/31,3072.92,3087.7,3063.4,3085.49,1689861160.96,141368609.0,0.35
000001,2016/09/01,3083.96,3088.7,3062.88,3063.31,1770932961.28,155191093.0,-0.72
000001,2016/09/02,3057.49,3072.53,3050.49,3067.35,1705921413.12,150446920.0,0.13
000001,2016/09/05,3070.71,3085.49,3065.33,3072.1,1612436766.72,144963317.0,0.15
000001,2016/09/06,3071.06,3095.51,3053.19,3090.71,1930577346.56,172908524.0,0.61
000001,2016/09/07,3091.33,3105.68,3087.88,3091.93,2071621140.48,186956763.0,0.04
000001,2016/09/08,3089.95,3096.78,3083.9,3095.95,1659444756.48,145883771.0,0.13
000001,2016/09/09,3095.43,3101.79,3078.22,3078.85,1820562391.04,160692924.0,-0.55
000001,2016/09/12,3037.51,3040.95,2999.93,3021.98,2218465689.6,206012086.0,-1.85
000001,2016/09/13,3025.03,3029.72,3008.74,3023.51,1527913021.44,135387580.0,0.05
000001,2016/09/14,3008.9,3017.94,2995.42,3002.85,1481489776.64,133413401.0,-0.68
000001,2016/09/19,3005.32,3026.65,3005.32,3026.05,1331688243.2,119225027.0,0.77
000001,2016/09/20,3027.17,3027.82,3015.88,3023.0,1396622950.4,118924117.0,-0.1
000001,2016/09/21,3021.58,3032.45,3017.54,3025.87,1341337272.32,115721213.0,0.09
000001,2016/09/22,3038.42,3054.44,3035.07,3042.31,1590310666.24,139309554.0,0.54
000001,2016/09/23,3044.79,3046.8,3032.8,3033.9,1473777336.32,125590976.0,-0.28
000001,2016/09/26,3028.24,3028.24,2980.12,2980.43,1622572400.64,144330286.0,-1.76
000001,2016/09/27,2974.59,2998.23,2969.13,2998.17,1333727068.16,121701450.0,0.6
000001,2016/09/28,3000.7,3000.7,2984.32,2987.86,1164373770.24,104625697.0,-0.34
000001,2016/09/29,2992.17,3009.2,2991.91,2998.48,1227285708.8,113213919.0,0.36
000001,2016/09/30,2994.25,3009.2,2993.06,3004.7,1127945420.8,101333562.0,0.21
000001,2016/10/10,3020.46,3048.24,3014.62,3048.14,1755217920.0,160051104.0,1.45
000001,2016/10/11,3051.62,3066.1,3048.02,3065.25,1837876510.72,167273496.0,0.56
000001,2016/10/12,3057.32,3060.51,3048.89,3058.5,1599829606.4,142493577.0,-0.22
000001,2016/10/13,3057.97,3065.0,3052.64,3061.35,1663358730.24,154756725.0,0.09
000001,2016/10/14,3056.99,3064.79,3043.18,3063.81,1637929943.04,155373705.0,0.08
000001,2016/10/17,3064.69,3068.81,3033.75,3041.17,1805940817.92,163733265.0,-0.74
000001,2016/10/18,3037.4,3084.19,3037.4,3083.88,1960361328.64,182042460.0,1.4
000001,2016/10/19,3085.75,3096.22,3076.77,3084.72,1974811361.28,182470143.0,0.03
000001,2016/10/20,3084.91,3089.68,3076.29,3084.46,1776745349.12,160691364.0,-0.01
000001,2016/10/21,3081.39,3101.85,3069.27,3090.94,2019536568.32,187388072.0,0.21
000001,2016/10/24,3092.05,3137.03,3090.79,3128.25,2503544012.8,240522349.0,1.21
000001,2016/10/25,3127.97,3132.5,3121.05,3131.94,2208614645.76,203380898.0,0.12
000001,2016/10/26,3129.84,3129.84,3110.39,3116.31,2157677117.44,191663263.0,-0.5
000001,2016/10/27,3112.6,3114.76,3100.39,3112.35,1822371184.64,158008789.0,-0.13
000001,2016/10/28,3111.7,3128.64,3101.24,3104.27,2125930168.32,181774123.0,-0.26
000001,2016/10/31,3097.19,3102.3,3081.07,3100.49,1784277401.6,151506764.0,-0.12
000001,2016/11/01,3101.66,3122.61,3097.04,3122.44,1958315950.08,160232032.0,0.71
000001,2016/11/02,3115.73,3118.98,3099.82,3102.73,2216765358.08,182722067.0,-0.63
000001,2016/11/03,3096.76,3140.93,3094.1,3128.94,2658203566.08,222986260.0,0.84
000001,2016/11/04,3126.35,3141.33,3119.54,3125.32,2390432645.12,197683197.0,-0.12
000001,2016/11/07,3124.89,3139.2,3117.1,3133.33,2106023280.64,179418490.0,0.26
000001,2016/11/08,3140.94,3156.88,3134.95,3147.89,2215851130.88,190846979.0,0.46
000001,2016/11/09,3146.08,3146.95,3096.95,3128.37,2772294041.6,241114958.0,-0.62
000001,2016/11/10,3148.54,3172.31,3148.54,3171.28,2859928125.44,244192602.0,1.37
000001,2016/11/11,3169.4,3202.74,3166.07,3196.04,3437739376.64,310854579.0,0.78
000001,2016/11/14,3187.71,3221.46,3186.8,3210.37,3469746176.0,329608313.0,0.45
000001,2016/11/15,3209.95,3214.29,3195.04,3206.99,2670038712.32,240886350.0,-0.11
000001,2016/11/16,3208.5,3210.89,3195.41,3205.06,2448545054.72,221766993.0,-0.06
000001,2016/11/17,3198.5,3211.05,3187.21,3208.45,2267758592.0,214206240.0,0.11
000001,2016/11/18,3207.19,3212.39,3187.5,3192.86,2353520640.0,209826639.0,-0.49
000001,2016/11/21,3188.5,3229.76,3188.28,3218.15,2631778140.16,230652844.0,0.79
000001,2016/11/22,3220.98,3249.68,3220.98,3248.35,2924848414.72,261631547.0,0.94
000001,2016/11/23,3247.94,3262.88,3231.59,3241.14,2779424686.08,249959592.0,-0.22
000001,2016/11/24,3237.43,3257.86,3232.87,3241.74,2672247111.68,232324527.0,0.02
000001,2016/11/25,3241.24,3262.44,3209.6,3261.94,2591170396.16,233921601.0,0.62
000001,2016/11/28,3270.05,3288.34,3267.67,3277.0,3004601466.88,281551253.0,0.46
000001,2016/11/29,3269.23,3301.21,3263.4,3282.92,3481493504.0,320836287.0,0.18
000001,2016/11/30,3272.14,3277.27,3239.52,3250.03,2628087316.48,243576053.0,-1.0
000001,2016/12/01,3257.03,3279.67,3256.26,3273.31,2615539302.4,237759864.0,0.72
000001,2016/12/02,3270.12,3279.71,3235.28,3243.84,2815591055.36,259567205.0,-0.9
000001,2016/12/05,3203.78,3219.52,3194.88,3204.71,2385980293.12,223010394.0,-1.21
000001,2016/12/06,3202.03,3215.31,3196.52,3199.65,1771701534.72,157572693.0,-0.16
000001,2016/12/07,3198.47,3222.43,3189.49,3222.24,1894438502.4,169072847.0,0.71
000001,2016/12/08,3225.55,3228.12,3211.47,3215.37,1978020659.2,170710173.0,-0.21
000001,2016/12/09,3209.34,3244.8,3207.04,3232.88,2263871488.0,204023956.0,0.54
000001,2016/12/12,3233.67,3245.09,3149.9,3152.97,2942601461.76,274708461.0,-2.47
000001,2016/12/13,3138.99,3162.5,3118.71,3155.04,2031754608.64,185164495.0,0.07
000001,2016/12/14,3149.38,3170.02,3136.35,3140.53,2192061562.88,201358887.0,-0.46
000001,2016/12/15,3125.76,3138.78,3100.91,3117.68,2128632381.44,189990626.0,-0.73
000001,2016/12/16,3111.51,3128.87,3106.35,3122.98,1898447503.36,164988699.0,0.17
000001,2016/12/19,3120.7,3125.28,3110.08,3118.08,1745002332.16,154169716.0,-0.16
000001,2016/12/20,3115.9,3117.01,3084.8,3102.88,1716118814.72,157426759.0,-0.49
000001,2016/12/21,3107.24,3140.25,3107.24,3137.43,2042478100.48,186706607.0,1.11
000001,2016/12/22,3132.16,3143.17,3126.89,3139.56,1859815505.92,167804990.0,0.07
000001,2016/12/23,3134.93,3138.4,3103.75,3110.15,1892811735.04,166176769.0,-0.94
000001,2016/12/26,3095.58,3122.88,3068.42,3122.57,1705556049.92,152571881.0,0.4
000001,2016/12/27,3117.39,3127.88,3113.75,3114.66,1621939159.04,141528939.0,-0.25
000001,2016/12/28,3113.77,3118.78,3094.55,3102.24,1543296450.56,135727087.0,-0.4
000001,2016/12/29,3095.84,3111.8,3087.34,3096.1,1499191869.44,132623292.0,-0.2
000001,2016/12/30,3097.35,3108.84,3089.99,3103.64,1517327810.56,133267130.0,0.24
000001,2017/01/03,3105.31,3136.46,3105.31,3135.92,1598871470.08,141567187.0,1.04
000001,2017/01/04,3133.79,3160.1,3130.11,3158.79,1959142850.56,167860850.0,0.73
000001,2017/01/05,3157.91,3168.5,3154.28,3165.41,1996920258.56,174727645.0,0.21
000001,2017/01/06,3163.78,3172.03,3153.03,3154.32,2072960368.64,183708966.0,-0.35
000001,2017/01/09,3148.53,3173.14,3147.74,3171.24,1921105756.16,171714075.0,0.54
000001,2017/01/10,3167.57,3174.58,3157.33,3161.67,1949632102.4,179759216.0,-0.3
000001,2017/01/11,3156.69,3167.03,3136.27,3136.75,1891864576.0,178362221.0,-0.79
000001,2017/01/12,3133.6,3144.97,3115.98,3119.29,1619223019.52,148889240.0,-0.56
000001,2017/01/13,3116.08,3130.51,3102.16,3112.76,1744385474.56,156274214.0,-0.21
000001,2017/01/16,3104.49,3105.14,3044.29,3103.43,2628260495.36,257885996.0,-0.3
000001,2017/01/17,3087.03,3108.91,3072.34,3108.77,1547575623.68,136157861.0,0.17
000001,2017/01/18,3104.77,3123.72,3098.59,3113.01,1445467258.88,131780128.0,0.14
000001,2017/01/19,3104.97,3115.78,3094.01,3101.3,1392804659.2,123851420.0,-0.38
000001,2017/01/20,3095.82,3125.66,3095.21,3123.14,1414718095.36,122366777.0,0.7
000001,2017/01/23,3125.42,3145.84,3125.42,3136.77,1481457336.32,132660392.0,0.44
000001,2017/01/24,3134.59,3149.53,3131.22,3142.55,1345538539.52,125973881.0,0.18
000001,2017/01/25,3137.65,3151.47,3133.19,3149.55,1267658260.48,112073827.0,0.22
000001,2017/01/26,3149.22,3163.1,3148.91,3159.17,1250131968.0,113876772.0,0.31
000001,2017/02/03,3160.08,3162.68,3136.01,3140.17,1080236605.44,92224736.0,-0.6
000001,2017/02/06,3143.09,3158.84,3135.39,3156.98,1500676915.2,127198283.0,0.54
000001,2017/02/07,3154.4,3159.54,3140.04,3153.09,1525590917.12,128337442.0,-0.12
000001,2017/02/08,3148.09,3167.45,3132.03,3166.98,1708541214.72,144920187.0,0.44
000001,2017/02/09,3164.69,3186.84,3162.57,3183.18,2097231626.24,191640327.0,0.51
000001,2017/02/10,3183.01,3205.05,3182.8,3196.7,2457721569.28,239348913.0,0.42
000001,2017/02/13,3198.99,3219.41,3198.99,3216.84,2361587630.08,220191508.0,0.63
000001,2017/02/14,3216.14,3219.4,3205.29,3217.93,2042538229.76,188798088.0,0.03
000001,2017/02/15,3215.46,3236.0,3206.56,3212.99,2579652444.16,241507706.0,-0.15
000001,2017/02/16,3210.36,3230.28,3207.79,3229.62,2265876070.4,216955942.0,0.52
000001,2017/02/17,3227.71,3238.4,3199.42,3202.08,2485727559.68,226228177.0,-0.85
000001,2017/02/20,3198.96,3241.46,3198.96,3239.96,2502761349.12,232152096.0,1.18
000001,2017/02/21,3242.22,3254.34,3239.88,3253.33,2335511838.72,211673066.0,0.41
000001,2017/02/22,3252.69,3261.38,3243.84,3261.22,2348153241.6,207453776.0,0.24
000001,2017/02/23,3258.83,3264.08,3236.36,3251.38,2368225771.52,209179800.0,-0.3
000001,2017/02/24,3246.86,3253.96,3233.53,3253.43,2138390364.16,186406362.0,0.06
000001,2017/02/27,3249.19,3251.65,3224.09,3228.66,2113957232.64,182581071.0,-0.76
000001,2017/02/28,3225.97,3242.68,3225.97,3241.73,1860192829.44,151244318.0,0.4
000001,2017/03/01,3240.07,3259.98,3237.87,3246.93,2259409633.28,190677550.0,0.16
000001,2017/03/02,3250.52,3256.81,3228.66,3230.03,2230439608.32,181215076.0,-0.52
000001,2017/03/03,3219.2,3221.16,3206.61,3218.31,1927079198.72,157082368.0,-0.36
000001,2017/03/06,3217.33,3234.66,3215.07,3233.87,1937691770.88,156092158.0,0.48
000001,2017/03/07,3233.09,3242.66,3226.82,3242.41,2099312066.56,164064235.0,0.26
000001,2017/03/08,3240.53,3245.3,3230.61,3240.66,1982257889.28,160731388.0,-0.05
000001,2017/03/09,3233.7,3233.88,3205.28,3216.75,1992176435.2,167371108.0,-0.74
000001,2017/03/10,3213.73,3222.32,3208.45,3212.76,1736631746.56,136672743.0,-0.12
000001,2017/03/13,3209.45,3237.12,3193.16,3237.02,2069197455.36,163673760.0,0.76
000001,2017/03/14,3235.25,3246.33,3231.52,3239.33,1915351203.84,146946022.0,0.07
000001,2017/03/15,3235.4,3243.71,3227.74,3241.76,1857272545.28,144055682.0,0.08
000001,2017/03/16,3247.16,3269.77,3247.16,3268.94,2445083443.2,189416002.0,0.84
000001,2017/03/17,3271.87,3274.19,3232.28,3237.45,2621840424.96,200583223.0,-0.96
000001,2017/03/20,3241.11,3251.13,3228.12,3250.81,2139517583.36,170548430.0,0.41
000001,2017/03/21,3250.25,3262.22,3246.7,3261.61,2191212707.84,162719306.0,0.33
000001,2017/03/22,3246.22,3255.78,3229.13,3245.22,2445454540.8,189731649.0,-0.5
000001,2017/03/23,3245.81,3262.09,3221.93,3248.55,2582466887.68,193029144.0,0.1
000001,2017/03/24,3247.35,3275.21,3241.12,3269.45,2670941634.56,219777914.0,0.64
000001,2017/03/27,3268.92,3283.24,3262.12,3266.96,2491855339.52,201852675.0,-0.08
000001,2017/03/28,3265.63,3265.63,3246.09,3252.95,2034524815.36,161710013.0,-0.43
000001,2017/03/29,3252.87,3262.1,3233.28,3241.31,2453718466.56,216105575.0,-0.36
000001,2017/03/30,3235.14,3240.02,3195.85,3210.24,2656948715.52,247135479.0,-0.96
000001,2017/03/31,3206.25,3226.25,3205.54,3222.51,2140361523.2,196442922.0,0.38
000001,2017/04/05,3235.66,3270.65,3233.24,3270.31,2732011520.0,248320202.0,1.48
000001,2017/04/06,3272.19,3286.67,3265.76,3281.0,2623355944.96,245287999.0,0.33
000001,2017/04/07,3280.62,3295.19,3275.05,3286.62,2667383193.6,236108942.0,0.17
000001,2017/04/10,3285.46,3285.46,3265.01,3269.39,2794151936.0,232694616.0,-0.52
000001,2017/04/11,3266.22,3290.39,3244.4,3288.97,3266224128.0,281281248.0,0.6
000001,2017/04/12,3283.84,3284.93,3262.28,3273.83,3115055185.92,269381790.0,-0.46
000001,2017/04/13,3265.22,3281.14,3261.49,3275.96,2232872140.8,207346875.0,0.07
000001,2017/04/14,3276.14,3276.71,3238.9,3246.07,2241066762.24,214508558.0,-0.91
000001,2017/04/17,3229.95,3229.95,3199.91,3222.17,2272146882.56,212737189.0,-0.74
000001,2017/04/18,3215.4,3225.05,3196.49,3196.71,2118667632.64,188661353.0,-0.79
000001,2017/04/19,3184.67,3189.44,3147.07,3170.69,2258060574.72,213238075.0,-0.81
000001,2017/04/20,3165.67,3178.18,3148.18,3172.1,2200982323.2,190873985.0,0.04
000001,2017/04/21,3170.29,3180.79,3158.63,3173.15,1841314365.44,164761740.0,0.03
000001,2017/04/24,3164.25,3164.25,3111.21,3129.53,1978452541.44,186277434.0,-1.37
000001,2017/04/25,3123.89,3145.27,3117.45,3134.57,1741292503.04,153418307.0,0.16
000001,2017/04/26,3132.92,3152.95,3131.42,3140.85,1971128729.6,169878107.0,0.2
000001,2017/04/27,3131.35,3155.0,3097.33,3152.19,2357483274.24,211793073.0,0.36
000001,2017/04/28,3144.02,3154.73,3136.58,3154.66,1831957626.88,162889899.0,0.08
000001,2017/05/02,3147.23,3154.78,3136.54,3143.71,1763899146.24,154222962.0,-0.35
000001,2017/05/03,3138.31,3148.29,3123.75,3135.35,1902366064.64,163763924.0,-0.27
000001,2017/05/04,3127.11,3143.82,3111.39,3127.37,2001708482.56,177967485.0,-0.25
000001,2017/05/05,3114.77,3117.61,3092.09,3103.04,2002739036.16,176213641.0,-0.78
000001,2017/05/08,3090.07,3093.45,3067.69,3078.61,1981716889.6,180526904.0,-0.79
000001,2017/05/09,3064.85,3084.21,3056.56,3080.53,1527959060.48,135066674.0,0.06
000001,2017/05/10,3078.17,3090.82,3051.59,3052.78,1816241438.72,160794452.0,-0.9
000001,2017/05/11,3036.79,3063.56,3016.53,3061.5,1976040652.8,191341901.0,0.29
000001,2017/05/12,3054.11,3090.49,3051.87,3083.51,1751072440.32,159684099.0,0.72
000001,2017/05/15,3085.93,3098.91,3085.93,3090.23,1582696038.4,135660728.0,0.22
000001,2017/05/16,3082.87,3113.51,3060.53,3112.96,1932921077.76,173775564.0,0.74
000001,2017/05/17,3107.8,3119.58,3101.3,3104.44,1945605898.24,168674158.0,-0.27
000001,2017/05/18,3082.33,3103.44,3077.96,3090.14,1681495162.88,148620035.0,-0.46
000001,2017/05/19,3086.71,3095.48,3081.28,3090.63,1501642260.48,129635230.0,0.02
000001,2017/05/22,3087.17,3103.94,3063.15,3075.68,1703409745.92,153683730.0,-0.48
000001,2017/05/23,3069.39,3084.24,3050.84,3061.95,1950736547.84,178310599.0,-0.45
000001,2017/05/24,3047.57,3064.81,3022.3,3064.08,1526692085.76,139813353.0,0.07
000001,2017/05/25,3055.34,3114.66,3052.83,3107.83,2019101245.44,191391841.0,1.43
000001,2017/05/26,3101.29,3120.66,3100.39,3110.06,1713273896.96,155923486.0,0.07
000001,2017/05/31,3125.33,3143.28,3111.56,3117.18,1779133153.28,152950430.0,0.23
000001,2017/06/01,3108.42,3113.52,3097.68,3102.62,1807826288.64,163015719.0,-0.47
000001,2017/06/02,3094.23,3110.39,3081.85,3105.54,1544543436.8,142504925.0,0.09
000001,2017/06/05,3102.11,3105.51,3084.83,3091.66,1434297958.4,132570300.0,-0.45
000001,2017/06/06,3084.54,3102.86,3078.79,3102.13,1278046208.0,113439963.0,0.34
000001,2017/06/07,3101.76,3140.77,3098.95,3140.32,1942879436.8,173229014.0,1.23
000001,2017/06/08,3136.47,3153.26,3132.83,3150.33,1788942909.44,152277659.0,0.32
000001,2017/06/09,3147.45,3165.92,3146.11,3158.4,1815848878.08,160136334.0,0.26
000001,2017/06/12,3149.53,3164.95,3135.31,3139.88,1702232719.36,146729425.0,-0.59
000001,2017/06/13,3134.01,3155.99,3131.04,3153.74,1484578652.16,128318279.0,0.44
000001,2017/06/14,3146.75,3149.17,3125.35,3130.67,1606412369.92,138347042.0,-0.73
000001,2017/06/15,3125.59,3137.59,3117.08,3132.49,1711245230.08,146954245.0,0.06
000001,2017/06/16,3126.37,3134.25,3117.86,3123.17,1492154777.6,129652758.0,-0.3
000001,2017/06/19,3122.16,3146.77,3121.78,3144.37,1517417922.56,134891758.0,0.68
000001,2017/06/20,3148.02,3150.46,3134.61,3140.01,1624980193.28,141191802.0,-0.14
000001,2017/06/21,3148.99,3157.03,3132.62,3156.21,1670482165.76,136688268.0,0.52
000001,2017/06/22,3152.24,3186.98,3146.64,3147.45,2204384460.8,191344006.0,-0.28
000001,2017/06/23,3138.44,3158.05,3118.09,3157.87,1755685191.68,154843648.0,0.33
000001,2017/06/26,3157.0,3187.89,3156.98,3185.44,2004192952.32,173579211.0,0.87
000001,2017/06/27,3183.42,3193.46,3172.46,3191.2,1675237949.44,148201198.0,0.18
000001,2017/06/28,3183.63,3193.44,3170.79,3173.2,1620810956.8,146516720.0,-0.56
000001,2017/06/29,3174.98,3188.77,3174.28,3188.06,1472497909.76,128755470.0,0.47
000001,2017/06/30,3176.95,3193.24,3171.57,3192.43,1431956029.44,121464543.0,0.14
000001,2017/07/03,3192.0,3196.29,3177.02,3195.91,1565757767.68,140305717.0,0.11
000001,2017/07/04,3192.89,3193.06,3174.31,3182.8,1614545551.36,141114967.0,-0.41
000001,2017/07/05,3179.22,3207.31,3174.71,3207.13,1735540080.64,148296483.0,0.76
000001,2017/07/06,3203.86,3215.95,3188.77,3212.44,2022096240.64,175809287.0,0.17
000001,2017/07/07,3203.82,3219.52,3195.29,3217.96,2019383214.08,176715416.0,0.17
000001,2017/07/10,3208.46,3223.34,3203.21,3212.63,2228283146.24,198928010.0,-0.17
000001,2017/07/11,3201.52,3226.91,3199.22,3203.04,2054933708.8,187837262.0,-0.3
000001,2017/07/12,3201.93,3215.2,3177.93,3197.54,2017996144.64,186900880.0,-0.17
000001,2017/07/13,3192.36,3219.27,3190.34,3218.16,2108208906.24,195303611.0,0.64
000001,2017/07/14,3212.03,3222.98,3204.85,3222.42,1743121448.96,160126773.0,0.13
000001,2017/07/17,3219.79,3230.35,3139.5,3176.46,2746532495.36,266205274.0,-1.43
000001,2017/07/18,3159.73,3187.67,3150.13,3187.57,1964523683.84,190623060.0,0.35
000001,2017/07/19,3181.4,3232.94,3179.73,3230.98,2697710141.44,272420726.0,1.36
000001,2017/07/20,3227.51,3246.24,3225.43,3244.86,2458254213.12,232108392.0,0.43
000001,2017/07/21,3236.59,3247.71,3231.96,3237.98,2219569152.0,206003251.0,-0.21
000001,2017/07/24,3230.9,3261.1,3230.07,3250.6,2506311925.76,233056399.0,0.39
000001,2017/07/25,3249.14,3261.65,3233.14,3243.69,2134054993.92,205573873.0,-0.21
000001,2017/07/26,3244.46,3264.85,3228.04,3247.67,2284605112.32,213542005.0,0.12
000001,2017/07/27,3243.76,3251.93,3220.64,3249.78,2425720832.0,228485945.0,0.06
000001,2017/07/28,3240.17,3256.37,3232.96,3253.24,1984285900.8,182226880.0,0.11
000001,2017/07/31,3252.75,3276.95,3251.19,3273.03,2535259176.96,246039440.0,0.61
000001,2017/08/01,3274.37,3292.64,3273.5,3292.64,2564199383.04,237194594.0,0.6
000001,2017/08/02,3288.52,3305.43,3282.04,3285.06,2793523445.76,266730628.0,-0.23
000001,2017/08/03,3279.99,3293.37,3262.16,3272.93,2435495362.56,233277004.0,-0.37
000001,2017/08/04,3269.32,3287.19,3261.31,3262.08,2856347566.08,275906340.0,-0.33
000001,2017/08/07,3257.67,3280.1,3243.72,3279.46,2318743797.76,231173379.0,0.53
000001,2017/08/08,3277.19,3285.48,3269.66,3281.87,2557701816.32,252043537.0,0.07
000001,2017/08/09,3277.81,3277.94,3263.85,3275.57,2378151198.72,235597907.0,-0.19
000001,2017/08/10,3269.73,3282.52,3236.18,3261.75,2518540451.84,240684622.0,-0.42
000001,2017/08/11,3237.92,3245.12,3200.75,3208.54,2669982679.04,262962995.0,-1.63
000001,2017/08/14,3206.04,3240.05,3206.04,3237.36,2090960814.08,190346796.0,0.9
000001,2017/08/15,3235.23,3263.59,3235.1,3251.26,2045958553.6,182297997.0,0.43
000001,2017/08/16,3247.85,3248.78,3228.87,3246.45,2008325324.8,176852051.0,-0.15
000001,2017/08/17,3253.85,3269.14,3251.46,3268.43,2283769364.48,203622551.0,0.68
000001,2017/08/18,3253.24,3275.08,3248.08,3268.72,2184377466.88,191122483.0,0.01
000001,2017/08/21,3274.58,3287.52,3270.48,3286.91,2097185914.88,186122483.0,0.56
000001,2017/08/22,3287.61,3293.48,3274.94,3290.23,2229274869.76,186537991.0,0.1
000001,2017/08/23,3283.8,3299.46,3274.44,3287.7,2043304181.76,179832208.0,-0.08
000001,2017/08/24,3287.96,3297.99,3266.36,3271.51,1862450544.64,163468937.0,-0.49
000001,2017/08/25,3271.46,3331.91,3271.46,3331.52,2271410257.92,205839482.0,1.83
000001,2017/08/28,3336.13,3375.03,3336.13,3362.65,3053198704.64,257461438.0,0.93
000001,2017/08/29,3362.06,3374.59,3354.46,3365.23,2689160970.24,219504535.0,0.08
000001,2017/08/30,3361.82,3376.65,3357.08,3363.63,2796408012.8,246863312.0,-0.05
000001,2017/08/31,3361.46,3367.36,3340.69,3360.81,2691331031.04,234419781.0,-0.08
000001,2017/09/01,3365.99,3381.93,3358.47,3367.12,3137220771.84,282497584.0,0.19
000001,2017/09/04,3369.72,3381.4,3359.13,3379.58,2963484180.48,267427849.0,0.37
000001,2017/09/05,3377.2,3390.82,3371.57,3384.32,2455966023.68,216552946.0,0.14
000001,2017/09/06,3372.43,3391.01,3364.76,3385.39,2620346531.84,229090785.0,0.03
000001,2017/09/07,3383.63,3387.8,3363.18,3365.5,2640370237.44,221118685.0,-0.59
000001,2017/09/08,3364.43,3380.89,3353.69,3365.24,2351602237.44,198405184.0,-0.01
000001,2017/09/11,3365.35,3384.81,3360.05,3376.42,2568888156.16,219011019.0,0.33
000001,2017/09/12,3381.49,3391.07,3370.85,3379.49,3250249400.32,272910319.0,0.09
000001,2017/09/13,3374.72,3387.14,3366.54,3384.15,2307334144.0,194550715.0,0.14
000001,2017/09/14,3383.47,3391.64,3361.33,3371.43,2567444234.24,221306487.0,-0.38
000001,2017/09/15,3365.15,3365.53,3345.33,3353.62,2529106821.12,219765816.0,-0.53
000001,2017/09/18,3352.51,3371.75,3352.51,3362.86,2279386316.8,190319676.0,0.28
000001,2017/09/19,3365.53,3370.4,3344.71,3356.84,2207287377.92,191129691.0,-0.18
000001,2017/09/20,3352.18,3370.1,3346.54,3366.0,2258390712.32,192196661.0,0.27
000001,2017/09/21,3364.7,3377.88,3356.88,3357.81,2319461253.12,197448695.0,-0.24
000001,2017/09/22,3347.16,3356.45,3334.98,3352.53,2065834639.36,179234007.0,-0.16
000001,2017/09/25,3344.59,3350.96,3334.94,3341.55,2024016936.96,169621293.0,-0.33
000001,2017/09/26,3336.35,3347.16,3332.6,3343.58,1590396354.56,132628595.0,0.06
000001,2017/09/27,3340.82,3349.69,3340.3,3345.27,1689813319.68,143086945.0,0.05
000001,2017/09/28,3343.84,3344.6,3336.18,3339.64,1819556249.6,149444300.0,-0.17
000001,2017/09/29,3340.31,3357.02,3340.31,3348.94,1758928240.64,144862443.0,0.28
000001,2017/10/09,3403.25,3410.17,3366.97,3374.38,2274405908.48,191736057.0,0.76
000001,2017/10/10,3373.34,3384.03,3358.8,3382.99,2311486177.28,179423841.0,0.26
000001,2017/10/11,3381.49,3395.78,3379.16,3388.28,2311544995.84,181476704.0,0.16
000001,2017/10/12,3385.53,3390.2,3372.53,3386.1,2016678707.2,161809380.0,-0.06
000001,2017/10/13,3384.49,3395.75,3383.24,3390.52,1811184517.12,139954764.0,0.13
000001,2017/10/16,3393.21,3400.51,3374.77,3378.47,2216506818.56,174330620.0,-0.36
000001,2017/10/17,3373.23,3382.41,3365.56,3372.04,1629108305.92,125381725.0,-0.19
000001,2017/10/18,3373.53,3383.23,3371.92,3381.79,1942987735.04,157228791.0,0.29
000001,2017/10/19,3374.64,3378.74,3359.63,3370.17,1879212851.2,158476495.0,-0.34
000001,2017/10/20,3363.51,3379.77,3360.1,3378.65,1550650900.48,127172851.0,0.25
000001,2017/10/23,3382.28,3385.29,3374.71,3380.7,1643694489.6,130846289.0,0.06
000001,2017/10/24,3376.6,3388.69,3374.12,3388.25,1785528811.52,139897511.0,0.22
000001,2017/10/25,3384.86,3398.3,3382.03,3396.9,1600607027.2,123131222.0,0.26
000001,2017/10/26,3397.52,3414.24,3391.45,3407.57,2385961287.68,183768625.0,0.31
000001,2017/10/27,3404.5,3421.1,3402.11,3416.81,2123771904.0,170257173.0,0.27
000001,2017/10/30,3413.87,3419.73,3357.28,3390.34,2577766481.92,208349286.0,-0.77
000001,2017/10/31,3381.0,3397.1,3376.12,3393.34,1999295774.72,153498206.0,0.09
000001,2017/11/01,3393.97,3410.35,3388.6,3395.91,2319783854.08,180566127.0,0.08
000001,2017/11/02,3391.65,3391.65,3372.21,3383.31,2100149780.48,166864267.0,-0.37
000001,2017/11/03,3377.74,3380.57,3347.36,3371.74,2074379386.88,172714790.0,-0.34
000001,2017/11/06,3369.69,3389.38,3356.53,3388.17,2043112325.12,154636468.0,0.49
000001,2017/11/07,3389.47,3415.15,3387.95,3413.57,2425959546.88,190571746.0,0.75
000001,2017/11/08,3409.15,3434.49,3404.88,3415.46,2420255948.8,185436470.0,0.06
000001,2017/11/09,3410.67,3428.77,3408.62,3427.79,2054336675.84,158650426.0,0.36
000001,2017/11/10,3423.18,3438.79,3414.33,3432.67,2557721149.44,189276503.0,0.14
000001,2017/11/13,3435.18,3449.16,3435.08,3447.84,2667381227.52,205389054.0,0.44
000001,2017/11/14,3446.55,3450.49,3419.69,3429.55,2674354257.92,196472674.0,-0.53
000001,2017/11/15,3416.21,3423.75,3396.38,3402.52,2397341941.76,168792076.0,-0.79
000001,2017/11/16,3393.19,3409.65,3390.59,3399.25,2208624640.0,156684332.0,-0.1
000001,2017/11/17,3392.68,3403.29,3373.3,3382.91,3137503559.68,249458153.0,-0.48
000001,2017/11/20,3361.36,3393.11,3337.12,3392.4,2283081400.32,176524683.0,0.28
000001,2017/11/21,3382.36,3419.8,3377.6,3410.5,2653038510.08,196871803.0,0.53
000001,2017/11/22,3417.33,3442.18,3404.29,3430.46,2736747315.2,213567093.0,0.59
000001,2017/11/23,3425.01,3429.42,3342.33,3351.92,2704690216.96,215265393.0,-2.29
000001,2017/11/24,3340.38,3360.75,3328.33,3353.82,2076238807.04,159569663.0,0.06
000001,2017/11/27,3346.66,3347.05,3315.26,3322.23,2058034053.12,166439170.0,-0.94
000001,2017/11/28,3311.23,3333.8,3300.78,3333.66,1670629294.08,138247799.0,0.34
000001,2017/11/29,3335.57,3343.06,3305.57,3337.86,2177694433.28,183805932.0,0.13
000001,2017/11/30,3328.64,3340.92,3306.28,3317.19,1920767918.08,156595851.0,-0.62
000001,2017/12/01,3315.11,3324.52,3302.44,3317.62,1774902640.64,139198300.0,0.01
000001,2017/12/04,3310.38,3324.0,3304.1,3309.62,1850253639.68,148053288.0,-0.24
000001,2017/12/05,3301.69,3315.74,3300.51,3303.68,2434896035.84,208278862.0,-0.18
000001,2017/12/06,3291.31,3296.2,3254.61,3293.96,1791743754.24,151604452.0,-0.29
000001,2017/12/07,3283.28,3291.28,3259.16,3272.05,1617645895.68,132105900.0,-0.67
000001,2017/12/08,3264.48,3297.13,3258.76,3289.99,1657616465.92,133209314.0,0.55
000001,2017/12/11,3290.49,3322.67,3288.29,3322.2,1729864335.36,131965984.0,0.98
000001,2017/12/12,3320.31,3320.31,3280.33,3280.81,1609786163.2,124604827.0,-1.25
000001,2017/12/13,3278.4,3304.01,3273.32,3303.04,1452953108.48,111998647.0,0.68
000001,2017/12/14,3302.93,3309.53,3282.57,3292.44,1513460858.88,120544235.0,-0.32
000001,2017/12/15,3287.53,3287.53,3259.39,3266.14,1618779176.96,130940618.0,-0.8
000001,2017/12/18,3268.03,3280.54,3254.18,3267.92,1497382256.64,120700389.0,0.05
000001,2017/12/19,3266.02,3296.94,3266.02,3296.54,1507865886.72,115140134.0,0.88
000001,2017/12/20,3296.74,3300.21,3276.12,3287.61,1679618539.52,137745118.0,-0.27
000001,2017/12/21,3281.12,3309.22,3267.4,3300.06,1737400975.36,142127927.0,0.38
000001,2017/12/22,3297.69,3307.33,3293.44,3297.06,1520994385.92,124047326.0,-0.09
000001,2017/12/25,3296.21,3312.3,3270.44,3280.46,1772935905.28,146893635.0,-0.5
000001,2017/12/26,3277.84,3307.3,3274.33,3306.12,1746792611.84,142434501.0,0.78
000001,2017/12/27,3302.46,3307.08,3270.35,3275.78,1982646681.6,162674890.0,-0.92
000001,2017/12/28,3272.29,3304.1,3263.73,3296.38,2080198656.0,175371670.0,0.63
000001,2017/12/29,3295.25,3308.22,3292.77,3307.17,1703567523.84,141586836.0,0.33
000001,2018/01/02,3314.03,3349.05,3314.03,3348.33,2277884559.36,202278860.0,1.24
000001,2018/01/03,3347.74,3379.92,3345.29,3369.11,2583665213.44,213836149.0,0.62
000001,2018/01/04,3371.0,3392.83,3365.3,3385.71,2430907678.72,206955288.0,0.49
000001,2018/01/05,3386.46,3402.07,3380.25,3391.75,2481878466.56,213060681.0,0.18
000001,2018/01/08,3391.55,3412.73,3384.56,3409.48,2862132101.12,236165106.0,0.52
000001,2018/01/09,3406.11,3417.23,3403.59,3413.9,2382499676.16,191488551.0,0.13
000001,2018/01/10,3414.11,3430.21,3398.84,3421.83,2545154457.6,209094997.0,0.23
000001,2018/01/11,3415.58,3426.48,3405.64,3425.35,2184141373.44,173812133.0,0.1
000001,2018/01/12,3423.88,3435.42,3417.98,3428.94,2159614525.44,174063404.0,0.1
000001,2018/01/15,3428.95,3442.5,3402.31,3410.49,2863627304.96,232009283.0,-0.54
000001,2018/01/16,3403.47,3437.58,3401.96,3436.59,2665788211.2,211475468.0,0.77
000001,2018/01/17,3438.58,3465.2,3430.51,3444.67,3165326868.48,261045030.0,0.24
000001,2018/01/18,3449.88,3476.55,3448.79,3474.75,2676926382.08,220039555.0,0.87
000001,2018/01/19,3481.62,3498.43,3474.29,3487.86,2941890723.84,247536733.0,0.38
000001,2018/01/22,3476.99,3503.39,3475.67,3501.36,2612957184.0,217487534.0,0.39
000001,2018/01/23,3504.34,3547.22,3504.34,3546.5,2820918804.48,238705904.0,1.29
000001,2018/01/24,3553.48,3569.49,3527.11,3559.47,3076292280.32,252954496.0,0.37
000001,2018/01/25,3555.17,3571.48,3528.03,3548.31,2879895306.24,243413422.0,-0.31
000001,2018/01/26,3535.49,3574.9,3534.2,3558.13,2581495152.64,222698295.0,0.28
000001,2018/01/29,3563.64,3587.03,3510.27,3523.0,2854170132.48,236026965.0,-0.99
000001,2018/01/30,3511.5,3523.05,3484.66,3488.01,2246816890.88,186369975.0,-0.99
000001,2018/01/31,3470.51,3495.45,3454.73,3480.83,2426579517.44,207253403.0,-0.21
000001,2018/02/01,3478.67,3495.09,3424.42,3446.98,2928822517.76,260504707.0,-0.97
000001,2018/02/02,3419.22,3463.16,3388.86,3462.08,2362787594.24,208120551.0,0.44
000001,2018/02/05,3411.67,3487.72,3406.24,3487.5,2521987645.44,217673754.0,0.73
000001,2018/02/06,3418.01,3440.12,3364.22,3370.65,3188185497.6,280555477.0,-3.35
000001,2018/02/07,3412.74,3425.54,3304.01,3309.26,2952644198.4,260939714.0,-1.82
000001,2018/02/08,3281.05,3307.16,3225.71,3262.05,2223486894.08,201262499.0,-1.43
000001,2018/02/09,3172.85,3180.11,3062.74,3129.85,2720950845.44,256389176.0,-4.05
000001,2018/02/12,3128.37,3168.13,3113.61,3154.13,1710031831.04,153310831.0,0.78
000001,2018/02/13,3176.11,3219.22,3176.11,3184.96,1720452055.04,151527597.0,0.98
000001,2018/02/14,3188.25,3203.5,3171.38,3199.16,1145522012.16,100322827.0,0.45
000001,2018/02/22,3237.57,3269.92,3234.12,3268.56,1573038817.28,138730445.0,2.17
000001,2018/02/23,3275.43,3294.13,3258.49,3289.02,1595025162.24,145790368.0,0.63
000001,2018/02/26,3307.29,3335.99,3281.62,3329.57,2133330329.6,188568602.0,1.23
000001,2018/02/27,3328.67,3328.67,3284.63,3292.07,2043943813.12,174219368.0,-1.13
000001,2018/02/28,3264.06,3277.83,3239.84,3259.41,1802338140.16,151043536.0,-0.99
000001,2018/03/01,3235.09,3280.15,3228.58,3273.75,1852777758.72,159098320.0,0.44
000001,2018/03/02,3248.45,3269.94,3242.27,3254.53,1786029998.08,150861063.0,-0.59
000001,2018/03/05,3255.87,3269.4,3236.72,3256.93,1741486325.76,144835988.0,0.07
000001,2018/03/06,3266.49,3290.25,3243.65,3289.64,2243817963.52,195358046.0,1.0
000001,2018/03/07,3288.86,3308.41,3264.76,3271.67,1934893383.68,168665019.0,-0.55
000001,2018/03/08,3268.35,3289.5,3261.55,3288.41,1758953963.52,149827519.0,0.51
000001,2018/03/09,3291.43,3309.72,3283.56,3307.17,2023491829.76,168424509.0,0.57
000001,2018/03/12,3319.21,3333.56,3313.56,3326.7,2478941798.4,206532436.0,0.59
000001,2018/03/13,3324.12,3333.88,3307.38,3310.24,2023751188.48,177114353.0,-0.49
000001,2018/03/14,3298.67,3304.98,3287.36,3291.38,1834576281.6,157491085.0,-0.57
000001,2018/03/15,3277.51,3297.1,3273.2,3291.11,1795166208.0,148573606.0,-0.01
000001,2018/03/16,3290.21,3300.57,3269.28,3269.88,1677615267.84,141203647.0,-0.65
000001,2018/03/19,3264.93,3280.57,3251.05,3279.25,1697722040.32,137954980.0,0.29
000001,2018/03/20,3257.22,3292.57,3252.43,3290.64,1669798789.12,139881081.0,0.35
000001,2018/03/21,3299.73,3314.21,3268.88,3280.95,2086176849.92,168398277.0,-0.29
000001,2018/03/22,3281.26,3288.8,3242.76,3263.48,1844717322.24,150432977.0,-0.53
000001,2018/03/23,3172.77,3188.24,3110.66,3152.76,2934050652.16,275532013.0,-3.39
000001,2018/03/26,3117.32,3134.28,3091.46,3133.72,2159102525.44,186366350.0,-0.6
000001,2018/03/27,3164.8,3172.78,3143.57,3166.65,2270850908.16,189073383.0,1.05
000001,2018/03/28,3130.57,3165.21,3117.53,3122.29,2086178488.32,163500488.0,-1.4
000001,2018/03/29,3127.26,3174.51,3098.25,3160.53,2109202268.16,170312384.0,1.22
000001,2018/03/30,3161.79,3177.72,3152.89,3168.9,1960066908.16,154646596.0,0.26
000001,2018/04/02,3169.78,3192.34,3159.99,3163.18,2262535700.48,177727777.0,-0.18
000001,2018/04/03,3130.01,3144.33,3119.13,3136.63,1896927232.0,152216674.0,-0.84
000001,2018/04/04,3147.05,3163.34,3128.87,3131.11,1934928281.6,146976682.0,-0.18
000001,2018/04/09,3125.44,3146.09,3110.3,3138.29,1772369182.72,139608621.0,0.23
000001,2018/04/10,3144.26,3190.65,3139.08,3190.32,2060874055.68,168201359.0,1.66
000001,2018/04/11,3197.37,3220.85,3191.59,3208.08,2114204303.36,175867197.0,0.56
000001,2018/04/12,3203.28,3205.25,3177.05,3180.16,1850400604.16,148231313.0,-0.87
000001,2018/04/13,3192.04,3197.9,3155.51,3159.05,1636517478.4,127552310.0,-0.66
000001,2018/04/16,3152.89,3153.11,3096.1,3110.65,1922333573.12,154415695.0,-1.53
000001,2018/04/17,3112.97,3118.76,3064.03,3066.8,1854280335.36,147222846.0,-1.41
000001,2018/04/18,3091.91,3096.89,3041.63,3091.4,2022389678.08,159290503.0,0.8
000001,2018/04/19,3094.27,3127.44,3090.29,3117.38,1961989898.24,160056805.0,0.84
